"tenure_months","logins_last30","tickets_30d","email_engagement","price_increase_60d","plan_downgrade","region","churn"
17,11,0,0.36170369476591,0,1,"South",1
21,10,0,0.192503397951856,0,0,"East",0
43,5,1,0.011977912162205,0,0,"West",0
25,9,3,0.112925788648401,0,0,"East",0
26,25,0,0.0955627076563871,1,0,"North",0
45,12,1,0.173853068292679,0,0,"South",0
30,17,0,0.213181402329472,0,0,"South",0
9,11,1,0.527985309282738,0,0,"East",0
16,15,1,0.0791820489918697,0,0,"South",0
19,12,0,0.177810392624535,0,0,"West",0
39,19,0,0.159008816859702,1,0,"West",0
28,9,0,0.652162720789028,0,1,"East",1
29,3,0,0.0730512733059285,0,0,"West",1
25,16,0,0.068440919436045,1,0,"East",0
17,11,2,0.540661547905157,0,0,"South",0
45,19,2,0.292661048152756,0,0,"North",1
30,13,0,0.182178144709646,0,0,"North",0
1,19,1,0.161501584211767,0,0,"South",0
32,14,0,0.0145512050001448,0,0,"North",0
18,10,1,0.343673002033229,1,1,"West",0
11,16,1,0.257893960662646,0,1,"South",0
21,10,0,0.5588853367699,0,1,"West",0
12,20,0,0.199037185825923,0,0,"North",0
15,13,0,0.532083261790676,0,0,"West",0
16,2,0,0.339455476938748,0,0,"East",0
4,10,1,0.458946439743745,1,0,"East",0
34,4,1,0.0497026843286479,0,0,"West",0
26,1,0,0.527227439257241,0,0,"South",0
10,12,1,0.618985080427087,0,0,"North",0
39,15,1,0.274584959803649,0,0,"East",0
29,8,2,0.114328747940951,0,0,"East",1
20,5,0,0.25789742943587,0,0,"West",0
35,9,0,0.462570273855995,0,0,"South",0
35,4,1,0.49674620359139,0,0,"East",0
34,16,0,0.623619644141875,0,0,"North",0
32,15,1,0.272498848220751,0,1,"South",0
31,4,0,0.694546075698136,1,0,"West",0
23,9,0,0.152050500362081,0,1,"East",0
20,17,0,0.0122640099271297,0,0,"West",0
19,11,2,0.334187776817074,0,0,"West",0
16,12,2,0.278602771379887,1,0,"South",0
22,14,0,0.0906088100925805,0,1,"East",0
9,15,0,0.314381782443097,0,0,"South",0
50,18,1,0.0975871770724005,0,0,"West",0
38,16,0,0.145626802431262,0,0,"East",0
11,5,1,0.0058650848379198,1,0,"East",0
19,10,1,0.354735635501807,0,0,"North",0
18,14,2,0.202181385607707,0,0,"South",0
33,11,0,0.176120202611295,0,0,"South",0
23,1,1,0.312828650176116,0,0,"West",0
27,8,1,0.197964659973783,0,0,"North",0
24,17,1,0.189761782909074,0,0,"West",0
23,13,0,0.082499960894289,0,0,"East",0
40,5,0,0.503277723011281,0,0,"East",0
21,13,0,0.0942088595886287,0,0,"West",0
42,11,1,0.226521644393386,1,0,"South",0
5,15,1,0.437623826348367,0,0,"South",1
31,23,1,0.185140105246984,0,0,"West",0
25,4,0,0.294862517927321,0,0,"East",0
27,9,1,0.309950916689788,0,0,"East",0
29,11,0,0.709008387781477,0,0,"South",0
18,1,0,0.152524504812646,0,0,"East",0
20,12,0,0.46581846246489,1,0,"South",0
12,9,0,0.180496752946064,0,0,"East",0
11,23,2,0.233103854138812,0,0,"North",1
28,0,0,0.275763839061624,0,0,"East",0
29,19,0,0.352975222914632,0,0,"South",0
25,17,0,0.307815537802235,1,0,"North",0
35,16,1,0.198171928911769,0,0,"West",0
49,13,0,0.283154183403875,0,0,"South",0
18,8,1,0.339607419796292,0,1,"South",0
1,18,0,0.377711289255838,0,0,"West",0
36,8,0,0.0868905279030499,0,0,"South",0
15,15,0,0.24317250247678,0,0,"West",0
16,14,0,0.755113696134048,0,0,"South",0
36,17,2,0.18438826194129,0,0,"North",0
21,9,0,0.296333052019693,0,1,"East",0
9,9,0,0.528350301399174,0,0,"West",1
26,14,0,0.0992979337581647,0,0,"East",0
22,14,0,0.0890932983638528,0,0,"North",1
24,19,1,0.577794805301083,0,0,"East",0
29,14,0,0.429640919650708,0,0,"East",0
20,13,0,0.112013025371126,0,0,"West",0
32,16,0,0.66605146807999,0,0,"West",0
21,9,2,0.531776204871036,0,0,"North",0
28,17,0,0.100397540360369,0,0,"North",0
37,7,0,0.541268839159871,1,0,"South",0
29,14,0,0.3059542992001,1,0,"North",0
20,3,0,0.0423523610869382,0,0,"East",0
38,13,0,0.144287176397156,0,0,"West",0
36,4,0,0.465870380202244,1,0,"West",0
31,11,1,0.0745432922903951,0,0,"South",0
27,3,1,0.288282529602987,0,0,"North",0
16,9,1,0.0453098069070897,0,0,"South",0
40,8,2,0.49776701374303,0,0,"West",0
17,15,1,0.395661517141992,0,0,"East",0
50,9,0,0.235701930230133,0,0,"North",0
42,8,1,0.397454372561405,0,0,"North",0
21,18,0,0.166202297168642,0,0,"East",0
12,20,1,0.126599786820303,0,0,"East",1
15,17,1,0.50821988272115,0,0,"North",0
27,5,0,0.357232746428575,0,0,"North",0
21,18,0,0.386971116248954,1,0,"West",0
20,6,0,0.354070740481719,1,0,"North",1
13,12,0,0.37559432303103,0,0,"West",0
23,16,1,0.325501591480058,1,0,"North",0
15,11,1,0.0890753532912675,1,0,"East",0
4,11,0,0.0373242759169146,0,0,"East",0
19,13,0,0.089200108146684,0,0,"West",0
35,14,0,0.599707153054124,1,0,"West",0
17,14,0,0.110312174025232,0,0,"West",1
31,3,1,0.422467693367592,0,0,"West",0
5,11,0,0.474164669146436,0,0,"West",0
23,13,0,0.324310520000444,1,0,"East",0
30,15,0,0.355647031851213,0,1,"North",0
28,10,0,0.435331876907631,1,0,"North",0
25,8,1,0.285319975009207,1,0,"North",0
16,5,0,0.227365948954589,0,0,"West",0
14,8,0,0.175974231743299,1,0,"North",0
12,11,1,0.512322462537376,0,0,"North",0
25,9,0,0.306905770198331,0,0,"South",0
13,15,1,0.554358219755591,0,0,"South",0
18,14,0,0.202357866373682,0,0,"East",0
21,4,1,0.237716011164574,0,0,"West",0
46,14,2,0.398826348944899,0,0,"West",0
16,15,1,0.436240150360407,0,0,"North",0
27,11,2,0.244184161345609,0,0,"South",0
25,12,1,0.333728618197784,0,0,"West",0
12,10,0,0.106095528321775,1,0,"North",0
23,11,0,0.236310419371498,0,0,"South",0
41,7,1,0.266295897828199,0,0,"West",0
29,14,0,0.219636996669194,0,0,"East",0
24,6,0,0.125300893455688,1,0,"West",1
19,9,0,0.493291527854762,1,0,"North",0
1,7,0,0.0483550153565805,0,0,"West",1
38,8,2,0.225604288085167,1,0,"West",0
6,10,0,0.311599120533685,0,0,"West",0
33,10,0,0.0750351222878927,0,0,"South",0
47,9,0,0.19804903893322,0,0,"East",0
7,11,1,0.437682133903696,1,1,"East",0
32,4,1,0.0482732397478567,1,0,"West",0
21,13,1,0.232728897364639,1,0,"West",0
5,15,0,0.299591836224422,0,0,"West",0
6,6,0,0.0860080156796762,0,0,"South",0
5,5,1,0.507159695389818,0,0,"East",0
18,23,1,0.343965864280103,0,0,"South",0
6,13,2,0.266986465475306,0,0,"West",0
32,12,0,0.323096818249106,0,0,"North",1
49,11,2,0.274950171336888,0,0,"South",0
9,14,1,0.440439906815121,0,0,"West",0
33,12,0,0.323931027592678,0,0,"West",0
33,9,1,0.208863360636048,0,0,"West",0
28,10,0,0.49476394926769,0,0,"West",0
12,10,0,0.315044620558924,0,0,"East",0
23,10,1,0.291325260171513,0,0,"West",0
21,8,1,0.312344674050472,0,0,"West",0
31,17,1,0.219733439347213,0,1,"North",0
20,12,1,0.0328971919081157,0,0,"East",0
36,8,0,0.038826469851766,0,0,"North",0
20,15,0,0.259026703795297,0,0,"South",0
37,14,1,0.304699818858136,0,0,"North",0
11,11,0,0.166003076519482,0,0,"North",0
9,14,2,0.42642141424963,0,0,"North",0
63,7,0,0.63287100596619,0,1,"North",0
19,11,1,0.0285668676124506,0,0,"South",0
28,7,0,0.514675342725056,0,0,"South",0
32,6,2,0.446313453642324,0,0,"North",0
18,10,1,0.565701493598779,0,0,"West",0
30,13,0,0.256868767928767,0,0,"East",0
28,7,1,0.231059160320765,0,1,"West",0
21,11,3,0.168001518110289,1,0,"East",1
25,3,0,0.499830012662137,0,0,"West",0
24,10,0,0.150220160763985,1,0,"West",1
50,18,0,0.181456123269777,1,0,"West",0
15,6,1,0.164670895463912,0,0,"West",0
11,6,0,0.497079775033021,0,0,"East",0
24,11,1,0.273771855624472,0,0,"West",0
28,15,2,0.406924069788929,0,0,"North",0
29,18,0,0.125177615960911,1,0,"East",0
18,25,2,0.622909469696681,0,0,"West",0
11,16,0,0.428480492844886,0,0,"West",1
39,15,2,0.288837962392882,1,0,"North",0
20,22,1,0.103467824184259,0,0,"South",0
14,10,1,0.0594756809241574,0,1,"South",0
21,11,1,0.155355214465064,0,0,"West",0
22,13,2,0.0677651875780187,0,1,"North",0
37,5,1,0.383007953360231,0,0,"West",0
25,3,0,0.0667198243517214,1,0,"North",0
33,21,2,0.386123802009168,0,0,"South",0
18,9,2,0.327463836052755,0,0,"South",0
27,10,1,0.392923174476382,0,0,"East",0
20,7,0,0.455119335176363,0,1,"West",0
25,13,0,0.151016687017914,0,0,"North",1
13,15,0,0.129361618983242,1,0,"North",0
8,11,1,0.190180936935589,0,1,"South",0
48,12,0,0.363258973898458,0,1,"South",1
31,17,0,0.115801110525531,0,0,"North",0
9,12,1,0.270660388913564,1,0,"North",1
17,9,1,0.47453199037015,0,0,"West",0
10,12,0,0.187534937246334,0,1,"South",0
50,8,0,0.274377775004942,0,1,"South",0
40,13,0,0.322322451583921,0,0,"North",1
21,8,0,0.0631416559467417,0,0,"West",0
31,19,0,0.253395892822716,0,0,"South",0
19,0,0,0.100900929123227,0,0,"South",0
18,14,1,0.23711250233855,1,0,"South",0
15,10,0,0.39902384095186,0,0,"South",0
17,22,1,0.42929998488197,1,0,"East",0
44,11,0,0.138454893160393,0,0,"South",0
23,14,0,0.101016052971146,0,0,"South",1
25,14,0,0.748705434439158,0,0,"East",0
27,13,0,0.0420062823509113,0,1,"East",0
39,15,0,0.111442649267324,0,0,"West",0
18,22,0,0.224555023356297,0,0,"West",0
12,17,2,0.271252874797398,0,0,"South",0
44,13,1,0.175072495368775,1,0,"North",0
19,21,0,0.0857509152858653,0,0,"West",0
15,15,1,0.267122828724351,0,0,"West",0
9,15,0,0.0925991484831948,0,0,"South",0
9,18,1,0.195505175004524,1,0,"West",0
17,13,2,0.378784001322084,0,0,"North",0
31,16,0,0.558082981513578,0,1,"West",0
37,11,1,0.504557527880198,0,1,"North",0
32,13,0,0.233289531681735,0,0,"West",0
20,12,1,0.0524202805675379,0,1,"East",0
25,9,2,0.0671059742776344,0,0,"East",0
16,22,0,0.44433031872557,0,0,"West",0
15,9,0,0.0241318151261665,0,0,"West",0
35,10,0,0.459110349722171,0,0,"West",0
12,19,0,0.289784520196846,0,0,"East",0
47,12,1,0.283567503786481,0,0,"West",1
23,18,0,0.03019074761962,0,0,"West",0
27,9,0,0.481197697706164,0,0,"East",0
15,12,1,0.209922736971645,0,0,"West",0
17,11,0,0.229809483170502,1,0,"South",0
8,7,0,0.374359732027479,0,0,"East",0
22,10,0,0.340124358199541,0,0,"South",0
29,9,0,0.282824902700023,0,0,"South",0
28,16,0,0.297005043278804,1,0,"East",0
15,11,0,0.557375679856354,0,0,"South",0
15,12,0,0.210923475882344,1,0,"North",0
18,8,0,0.209680120206503,0,0,"South",0
42,13,0,0.227111314237928,0,0,"North",0
10,4,1,0.45373949897975,0,1,"North",1
22,0,0,0.378817973397296,0,0,"South",0
47,21,0,0.225762635274236,0,0,"West",0
23,16,0,0.222640091905495,0,0,"East",0
8,15,0,0.248762565843075,1,0,"East",0
16,1,0,0.128241382989336,0,0,"West",1
30,15,0,0.315386465138285,0,0,"West",0
19,15,1,0.208303564745375,0,0,"East",0
17,12,0,0.122468874003225,0,0,"East",0
20,16,0,0.288068933878699,0,0,"North",0
25,18,0,0.392947249348047,0,0,"South",0
43,11,0,0.254860169437782,0,0,"West",0
23,22,0,0.237288258281063,0,1,"West",0
37,17,0,0.240497163515731,0,0,"South",0
32,18,0,0.526224584285657,0,0,"North",0
23,10,0,0.454732633012878,0,0,"South",0
6,11,0,0.280424480459118,0,0,"West",0
18,7,1,0.135978781359015,0,0,"East",0
18,14,1,0.29631907000181,0,0,"South",0
25,13,1,0.0942278555155287,0,0,"South",0
40,12,3,0.556960417903618,0,0,"East",0
52,9,0,0.366328201330012,0,0,"East",0
43,11,1,0.55529393909512,1,0,"North",0
22,22,0,0.387577361365872,1,0,"South",0
3,7,0,0.20084528033946,0,0,"West",0
19,10,0,0.262576207967214,1,0,"South",0
25,5,1,0.102398171943575,1,0,"South",0
34,6,0,0.247098746834753,0,1,"South",0
36,11,1,0.575813403907789,1,0,"North",0
32,10,2,0.320839041179305,1,1,"West",0
7,9,1,0.319461002947922,0,0,"West",0
34,8,0,0.205914148672061,0,0,"West",0
19,11,2,0.404104279771158,0,0,"East",0
26,18,2,0.143623802643445,0,0,"North",0
25,10,0,0.347575082402937,0,0,"West",0
29,6,0,0.235982578400614,1,1,"West",0
24,7,1,0.293908170944,0,0,"South",1
4,2,3,0.220656941312586,1,0,"South",0
33,3,0,0.610974808467776,0,0,"South",0
29,8,0,0.310303211829621,1,0,"South",0
21,7,0,0.038638391368866,0,0,"South",0
25,6,1,0.276529204870576,0,0,"South",0
26,22,0,0.499196597733699,0,0,"South",0
27,21,0,0.236470629595784,0,0,"South",0
44,25,0,0.283471138425374,0,0,"North",0
21,16,1,0.12029757465247,1,0,"South",0
26,11,0,0.20500628389586,1,0,"West",0
38,7,0,0.242228733749489,0,0,"West",0
37,6,1,0.307698041022924,0,0,"West",0
38,10,3,0.319440116041955,0,0,"North",0
17,18,1,0.669192300173201,0,0,"West",0
48,15,1,0.166622036464684,0,0,"South",0
25,16,2,0.201279936789496,0,0,"West",1
46,11,0,0.283518797561814,0,0,"North",0
8,4,3,0.10657153247221,0,0,"East",0
24,14,0,0.329619618009121,0,0,"South",0
39,11,0,0.346177118462227,0,0,"West",0
15,10,0,0.101343555561325,0,0,"South",0
15,23,0,0.0964022256095956,0,0,"South",0
13,16,0,0.271924589329794,0,0,"West",0
11,11,1,0.167516949984743,0,0,"West",0
19,2,0,0.453719905838337,1,0,"South",1
28,11,0,0.184993806300386,0,0,"North",0
1,17,0,0.270099025848601,0,0,"South",0
27,14,2,0.383485757922431,0,0,"South",1
39,13,1,0.154527471138216,0,1,"East",1
48,17,0,0.50760740223714,1,0,"West",0
40,11,1,0.351419488772024,0,0,"West",1
33,10,0,0.225958579418872,0,0,"North",0
3,11,0,0.0389698605707157,0,0,"North",0
17,16,0,0.578294185337586,1,0,"East",0
20,11,0,0.287698729057099,0,0,"West",0
32,16,2,0.128613301449261,0,0,"East",0
23,6,2,0.648514055395957,0,1,"South",0
9,6,0,0.246449873766206,1,0,"West",0
44,13,1,0.562262098645081,0,0,"South",0
35,16,0,0.270134062828107,1,0,"West",0
27,10,2,0.180128381542288,0,0,"North",0
39,9,1,0.321305480676631,0,0,"North",1
8,0,1,0.267755342752099,0,0,"West",0
32,14,2,0.136517469131626,0,1,"West",0
18,7,0,0.738330309844665,0,0,"North",0
32,14,2,0.224892221354978,0,0,"West",0
23,19,1,0.179833955066021,0,0,"South",0
32,10,1,0.564865492116096,0,0,"South",0
40,15,1,0.0541474163805493,1,0,"West",0
24,11,0,0.162957589649712,0,0,"North",0
36,14,0,0.325878698892268,0,0,"East",0
10,6,1,0.0872585344717887,0,1,"North",0
15,14,0,0.427625779463336,0,0,"South",0
42,19,2,0.520571662572376,1,0,"North",0
29,21,0,0.361133862609634,0,0,"North",0
1,6,1,0.169772559383476,0,0,"South",0
8,15,0,0.420386180233706,0,0,"North",0
22,9,0,0.24155963279215,0,0,"South",0
34,15,1,0.324176804539558,0,0,"East",0
23,11,2,0.205819874584607,0,1,"West",0
31,11,0,0.0520057680923407,1,0,"North",0
36,15,1,0.144267496521292,0,0,"South",0
44,16,0,0.0993477890248566,1,1,"West",0
25,13,1,0.308964242300339,0,0,"North",0
23,14,0,0.442895210154257,0,0,"West",0
3,14,1,0.320260885364216,0,0,"North",0
25,13,1,0.157035739215538,0,0,"North",0
17,12,0,0.299657069277369,0,0,"North",0
12,17,1,0.299645039294894,0,0,"North",0
22,16,0,0.255353064298765,0,0,"East",1
36,16,1,0.0464458300179212,0,0,"West",0
1,18,0,0.339284210580104,0,0,"North",0
19,15,2,0.240853514036402,0,0,"South",0
25,11,2,0.0653006306680449,0,0,"South",0
13,7,0,0.0536769037814266,0,0,"West",0
28,10,0,0.320109777616344,0,0,"North",0
29,8,0,0.136889136970586,0,0,"North",0
24,11,0,0.0473967226342023,0,0,"East",0
1,9,0,0.266531415231109,0,1,"South",0
55,11,0,0.395645186870174,0,0,"West",0
22,7,1,0.53769949779068,0,0,"South",0
32,9,0,0.12535157104624,0,0,"North",0
27,14,0,0.278747169372779,0,0,"West",0
36,13,0,0.0732824216483385,0,0,"East",0
34,10,0,0.760736757244191,0,0,"West",0
21,17,0,0.15914305051769,0,1,"West",0
29,4,0,0.259169675561136,0,1,"East",0
13,14,2,0.038326122246843,1,0,"West",0
34,20,2,0.615630520328654,0,0,"West",0
18,10,0,0.00789726089717908,0,0,"South",0
53,14,0,0.305907704414083,0,0,"East",1
4,9,0,0.115129654328153,0,0,"North",0
18,12,0,0.240916353533695,0,0,"North",0
34,16,0,0.176660083457155,1,0,"South",0
30,7,1,0.248678753575385,0,0,"South",0
17,9,1,0.25655850628757,0,0,"West",0
12,15,2,0.381676081381996,1,0,"South",0
26,14,1,0.229823447416063,0,0,"North",0
24,16,0,0.558004845148402,0,0,"North",0
3,18,0,0.117931833909563,0,1,"West",0
24,16,2,0.275760162611415,0,1,"North",0
26,7,0,0.0321750469779713,0,0,"North",0
26,13,0,0.394875584743755,0,0,"East",0
11,10,1,0.316464359846297,0,0,"East",0
30,12,0,0.0819168603844722,0,0,"West",0
41,17,2,0.188297887720117,0,1,"East",0
29,13,0,0.100442512042735,0,0,"East",0
10,13,0,0.270021692344146,1,0,"East",0
19,11,1,0.147268960694205,0,0,"East",0
28,14,0,0.228682302104463,0,0,"West",0
16,6,1,0.562400542099672,1,0,"East",0
1,10,1,0.766280785659954,1,0,"East",0
35,20,1,0.0412524713850001,1,0,"East",0
14,15,2,0.579254610414133,0,0,"East",0
17,7,2,0.301446319459755,0,0,"East",0
42,6,0,0.12575431062205,1,0,"South",0
15,7,1,0.446976902441443,0,0,"West",0
34,15,0,0.105399103832205,0,0,"North",0
9,14,1,0.257390832177463,0,0,"East",0
20,9,2,0.366221132820381,1,0,"West",0
23,10,1,0.472280245828265,0,0,"North",0
10,17,0,0.442232762380859,0,0,"West",0
16,10,0,0.409173030470551,0,0,"West",1
24,12,0,0.375677138812951,0,1,"South",0
32,14,0,0.219920052191127,1,0,"West",0
4,11,0,0.113591757987153,0,0,"West",0
20,8,0,0.376286718961382,0,0,"West",1
33,10,0,0.367152927269596,0,0,"East",0
18,7,0,0.526621483900572,1,0,"East",0
27,14,1,0.124055196638184,0,0,"South",0
30,19,0,0.362027083191482,0,0,"East",0
27,13,2,0.20353215745783,1,0,"North",0
32,16,1,0.436484088376331,0,0,"East",0
23,9,0,0.569108505890702,0,1,"South",0
19,11,0,0.487107122683445,0,0,"East",0
1,11,0,0.121837371057079,0,0,"West",1
23,5,0,0.141005157702256,0,0,"North",0
29,12,2,0.177664764777537,0,0,"West",0
30,14,0,0.382952094381478,1,1,"East",0
17,15,3,0.162854462553565,0,0,"South",0
45,19,0,0.33009419930819,0,0,"North",0
27,5,0,0.408214287175245,0,0,"North",0
26,15,2,0.600208246221742,0,1,"North",0
39,16,1,0.303876821152174,1,0,"North",0
15,11,0,0.342014469698175,0,0,"North",0
19,15,0,0.126541602821261,0,0,"North",0
53,5,0,0.43030665426948,0,0,"West",0
24,13,0,0.0537621736370224,0,0,"South",1
44,0,0,0.0855467323346736,0,0,"South",0
7,14,0,0.364967510282796,0,0,"East",0
22,20,0,0.134499711313758,0,0,"West",0
29,20,1,0.366919135785569,0,0,"North",0
28,0,1,0.0913585637187213,0,1,"South",0
12,15,1,0.29111455136293,0,0,"North",0
24,10,0,0.391197653540743,0,0,"North",0
11,12,1,0.0522003895177365,0,1,"North",0
33,1,1,0.342676522791674,1,0,"East",0
37,14,1,0.287822984922395,0,0,"South",0
1,9,1,0.510726836954376,0,0,"South",0
39,14,1,0.0498810949226608,1,0,"North",1
9,11,1,0.218203593467771,0,1,"West",0
29,7,1,0.170245432984444,0,0,"East",0
32,14,0,0.167339075303983,0,0,"North",0
22,15,0,0.0920868532014689,1,0,"North",0
16,12,0,0.3936930142691,1,0,"West",0
26,15,1,0.332998021993202,1,0,"East",0
29,10,0,0.400215888616618,0,0,"West",0
35,18,1,0.0562086208322115,0,1,"West",0
1,10,0,0.347341497945119,0,0,"East",1
4,9,3,0.234423658162031,0,1,"North",0
41,17,0,0.215117066609493,0,0,"East",0
37,18,1,0.165402835077671,0,0,"West",0
29,15,0,0.248214492621091,0,0,"North",0
33,13,1,0.51197311265103,0,0,"North",0
35,20,2,0.147435021561189,0,1,"North",0
1,7,2,0.227115102030111,0,1,"East",1
37,18,0,0.386004501173589,0,0,"North",0
18,21,0,0.741052948852263,0,0,"West",0
27,12,0,0.228911918962794,1,0,"South",0
20,15,1,0.251383914188018,0,0,"West",0
34,15,2,0.0506390837577511,0,0,"East",0
20,18,0,0.618542928702558,0,1,"South",0
30,8,1,0.456253371048869,0,0,"West",0
19,16,1,0.527401118817705,0,0,"North",0
11,3,1,0.1245157951587,0,0,"East",0
39,22,1,0.679099796860704,0,0,"North",0
33,9,0,0.165529886588905,0,0,"East",0
45,10,1,0.277886250445532,1,0,"West",0
25,13,1,0.416861928941251,0,0,"North",0
38,6,0,0.316537390050703,1,0,"North",0
48,11,2,0.144678953659093,0,1,"West",0
21,12,0,0.254336159153927,0,0,"West",0
8,10,1,0.190412152920792,1,0,"South",1
21,22,2,0.121924665051279,1,0,"North",0
21,3,0,0.257899058690947,0,0,"East",0
26,11,0,0.138750937077828,0,0,"East",0
45,18,2,0.281934484962801,0,1,"South",0
20,8,0,0.324277705745242,0,0,"West",1
28,11,0,0.452790354804506,0,0,"South",0
21,22,0,0.143671757655408,0,0,"West",0
24,3,2,0.4414250607978,0,0,"West",0
28,8,0,0.286655244380159,0,0,"West",0
40,6,1,0.218433019417656,0,0,"West",0
25,15,2,0.562847773888734,0,0,"North",0
33,8,1,0.338285508222097,1,0,"East",0
33,14,0,0.152031510388059,0,0,"South",0
35,9,3,0.0942810676987118,0,0,"South",0
17,11,2,0.359701070957104,0,0,"West",0
44,16,2,0.156293462046051,0,0,"West",0
19,13,1,0.75680522203098,0,0,"West",0
23,2,1,0.408577222416341,0,1,"East",0
41,9,0,0.011029752661362,0,0,"South",0
40,16,0,0.121711086072324,0,0,"West",0
11,21,1,0.0965716759843145,1,0,"East",0
14,6,1,0.122426192137065,0,0,"South",0
8,11,0,0.0602763322004426,0,0,"North",0
26,12,1,0.402711546768733,1,0,"West",0
26,8,1,0.367994609616639,0,0,"East",0
28,5,0,0.379441236169422,0,1,"North",0
31,21,1,0.278627689007052,0,0,"North",1
17,19,0,0.109385101789974,0,0,"West",0
12,5,0,0.16671256745044,0,1,"West",0
36,3,0,0.153506144333579,0,0,"North",0
33,11,2,0.215394913603887,0,0,"South",0
6,14,0,0.136568961652103,0,0,"North",0
23,11,0,0.433443534602436,0,0,"North",0
13,18,1,0.260539023883161,0,0,"West",0
1,11,0,0.560884930848164,0,1,"North",0
26,6,0,0.0700939273277871,0,0,"South",0
23,20,0,0.0696420782271966,0,0,"West",0
23,11,1,0.167627035035709,0,0,"East",0
27,11,0,0.140565011597309,0,0,"South",0
35,11,0,0.0705227764698521,0,0,"West",0
26,12,0,0.37164971904872,0,0,"North",0
17,0,1,0.440334516528594,1,0,"West",0
15,15,1,0.400467447705693,0,0,"West",0
22,16,1,0.380896296479427,0,0,"West",0
28,15,0,0.616280833748577,0,0,"South",0
12,10,2,0.213483220106103,0,0,"East",0
22,12,0,0.312195224851608,0,1,"North",0
36,5,0,0.347772655669267,1,0,"North",0
23,14,0,0.380579384088402,0,0,"South",0
16,8,1,0.152455757514648,0,0,"West",0
21,19,1,0.389502699666015,0,0,"North",0
37,7,0,0.107355181691452,0,0,"West",0
31,2,1,0.110842108495416,0,0,"North",0
39,13,1,0.589398663852276,0,0,"West",0
26,4,1,0.104381512315291,0,1,"West",0
29,7,0,0.0667202917379523,1,0,"North",0
17,16,1,0.199992571023234,0,0,"West",0
31,21,1,0.174532616405542,0,0,"West",0
18,11,0,0.353224345493215,1,0,"West",0
7,17,0,0.239710219361261,1,0,"West",0
26,5,0,0.0376654832359831,0,0,"West",0
47,21,0,0.354627523571046,0,0,"North",0
34,12,1,0.209740782537112,1,0,"East",0
38,8,1,0.122485626277566,0,0,"West",0
28,14,1,0.191974936397023,1,0,"East",0
17,8,0,0.300185038432687,0,0,"West",0
22,12,0,0.375712248807254,0,0,"North",0
21,13,0,0.0597604348338886,1,0,"North",0
18,18,1,0.212892094234594,0,0,"East",0
32,9,0,0.0352609534855864,0,0,"West",0
10,10,0,0.407550927848153,0,0,"North",0
34,13,1,0.169666606987261,1,0,"South",0
34,16,0,0.638242095631911,0,0,"North",0
10,21,1,0.152979961289422,1,1,"North",0
32,20,0,0.362209308153747,0,0,"West",0
53,17,0,0.57780489225581,1,0,"South",0
17,2,0,0.388401329002707,0,0,"North",0
34,17,2,0.111395780477237,0,0,"North",0
15,16,1,0.0387898972803505,0,0,"West",1
37,9,1,0.337834054601534,0,0,"North",0
27,9,0,0.161852567361301,0,0,"East",0
44,5,2,0.636037219953368,0,0,"East",0
6,12,0,0.147632450670348,1,1,"West",0
23,12,0,0.435322412686882,0,0,"East",0
18,3,0,0.473605688925452,0,0,"North",0
22,4,2,0.0572736034391807,0,0,"East",1
16,13,1,0.0746769307562534,1,0,"West",0
14,7,2,0.196331315019296,0,1,"West",0
31,11,1,0.541414642179158,1,1,"North",0
11,17,1,0.59849718048914,1,0,"North",0
42,10,1,0.13329620966036,1,0,"South",0
10,13,0,0.171463274958806,0,0,"South",0
25,15,0,0.280809353299211,0,0,"West",0
30,6,0,0.599777711756395,0,0,"North",0
31,18,2,0.0422833141198388,0,0,"North",0
20,17,1,0.0989886892779392,0,0,"North",1
25,18,0,0.470350323212771,0,0,"West",0
36,10,0,0.0305635210871548,0,0,"South",1
7,5,0,0.55014302393568,0,0,"East",0
15,15,0,0.370098939903543,1,0,"East",0
28,15,0,0.16473362454839,0,0,"West",0
19,25,1,0.284566894264195,0,0,"East",0
40,21,1,0.431586206349883,0,0,"West",0
32,10,1,0.362298930326791,1,0,"West",0
25,7,0,0.473480430598025,0,0,"West",0
6,15,1,0.682840872822059,0,0,"East",0
24,22,0,0.371091048027243,0,0,"East",0
20,6,2,0.0740083752446525,0,0,"East",0
23,8,0,0.298314328998506,0,0,"North",0
10,21,0,0.0208530429892878,0,0,"East",0
30,21,1,0.239196229425781,0,0,"East",0
12,13,1,0.150580457775203,0,0,"South",0
21,4,1,0.133789398966704,0,0,"West",0
29,9,1,0.177163727707328,0,0,"West",0
15,18,0,0.124491451608783,1,1,"West",1
31,23,0,0.135563760223585,0,0,"West",0
8,12,1,0.214852155589161,1,0,"West",0
1,9,0,0.214355798013517,1,1,"East",0
30,14,0,0.280477767405855,0,0,"South",0
34,13,1,0.256406253936716,1,0,"North",0
21,7,0,0.200299488508496,0,0,"West",0
30,15,0,0.244799036519367,1,0,"East",0
10,19,0,0.390203640325042,0,0,"West",0
22,12,3,0.30821331938831,0,0,"North",0
1,15,0,0.0671420698187685,0,0,"West",0
38,13,1,0.14890771792642,0,0,"West",0
46,14,0,0.285946382467149,0,0,"South",0
37,11,0,0.352867630700607,1,1,"North",0
24,18,0,0.31282542328761,0,0,"North",0
24,13,0,0.149742807383587,0,1,"West",0
6,9,0,0.508985072518829,0,0,"East",0
33,15,0,0.514778069589902,1,0,"South",0
21,17,1,0.225087474000961,0,0,"West",0
16,12,0,0.467268979756161,1,0,"West",0
7,0,1,0.239388101773962,0,0,"East",0
20,20,4,0.330641077352626,1,0,"South",0
14,8,1,0.481530945055379,0,0,"North",0
19,10,0,0.413133764701862,0,1,"North",0
9,20,0,0.157089001981539,0,0,"North",0
44,3,1,0.368288538191561,0,0,"East",0
24,6,1,0.191157583879974,0,0,"South",0
37,8,2,0.248770127458285,0,0,"East",0
1,5,0,0.13680236588409,0,0,"East",0
19,18,0,0.280879615601658,1,1,"North",0
16,18,0,0.494239496062932,0,0,"North",0
9,15,1,0.226725432541465,0,0,"South",0
43,10,0,0.453590733132689,0,0,"South",1
7,10,0,0.265396751461138,0,0,"South",0
28,9,0,0.412126236449541,0,1,"West",0
34,9,0,0.067737966934599,0,1,"West",0
26,14,0,0.450759713382077,0,0,"East",0
13,17,0,0.171703088870873,0,0,"West",0
35,10,2,0.205277941457562,0,1,"East",1
26,14,0,0.340990435250305,0,0,"West",0
11,0,0,0.395443203247078,0,1,"West",0
7,12,1,0.195939149724509,1,0,"North",1
49,8,0,0.120587524741482,0,0,"North",0
16,17,0,0.1654836986213,0,0,"South",0
2,18,0,0.0943968611618165,0,0,"West",0
30,1,0,0.564374652632885,0,0,"North",1
28,17,0,0.368915619254498,0,0,"East",0
8,9,1,0.283258594800435,0,0,"North",1
1,11,0,0.120138999332853,0,1,"North",1
23,16,1,0.490774438833416,0,1,"South",0
38,15,2,0.325643720050312,0,0,"South",0
32,8,0,0.0545346849928322,0,1,"South",0
18,14,1,0.213732661424749,0,0,"West",0
14,10,0,0.225612449990126,0,0,"West",0
27,18,0,0.224649272811137,0,0,"North",0
26,4,1,0.291822866667304,0,1,"West",1
32,16,0,0.37161209091936,0,0,"East",0
19,19,0,0.585084673590917,0,0,"North",0
35,0,1,0.263324879935203,0,0,"South",0
14,15,1,0.174927966106336,0,0,"West",0
20,10,0,0.102783947399415,0,0,"West",0
33,13,0,0.35837776018971,0,0,"West",0
36,11,0,0.207029783838953,0,0,"North",0
1,15,0,0.425357246470009,0,0,"North",0
25,17,0,0.140957523412402,0,0,"South",0
31,15,1,0.229799009917485,1,0,"North",0
7,11,1,0.0953169875779755,0,0,"East",0
30,10,0,0.411005108435843,0,0,"South",0
14,11,0,0.246201958362286,0,0,"West",0
36,11,0,0.941318040578458,1,0,"South",0
30,13,1,0.205352162078353,0,0,"East",0
33,8,0,0.148704369294443,0,0,"East",1
25,15,2,0.682058649837137,0,0,"North",0
34,7,1,0.354759962681978,0,0,"East",0
41,5,0,0.457552102350995,0,0,"East",0
48,13,1,0.509201885273944,0,0,"South",0
24,14,1,0.169644668385216,0,1,"North",0
1,17,0,0.151701461091565,1,0,"East",0
24,16,0,0.554269337337772,1,0,"North",0
26,13,2,0.104334338315382,0,0,"West",0
22,15,0,0.370803675839245,0,0,"North",1
31,7,2,0.159621072543306,0,1,"West",0
36,6,0,0.32700068081803,0,0,"East",0
18,6,2,0.198697755540007,0,0,"East",0
20,12,0,0.30597751310395,0,0,"West",0
29,15,0,0.332847615145149,0,1,"West",0
17,17,1,0.35624199797673,1,0,"West",0
25,19,0,0.0141318776375233,0,0,"North",0
1,14,1,0.362596668257181,1,0,"South",1
11,11,0,0.41878631339338,1,1,"West",0
8,9,1,0.558471785165064,0,0,"West",1
14,13,0,0.690574043067984,0,0,"South",0
16,12,3,0.495519208340267,0,0,"South",0
29,10,1,0.5336476008196,0,0,"North",0
36,9,0,0.207934770320406,0,1,"East",0
15,7,1,0.187748875340238,0,0,"North",0
12,7,2,0.141673443696976,1,0,"East",0
11,19,0,0.0349746292767849,0,0,"North",0
19,13,1,0.340413544579496,0,0,"South",0
21,10,0,0.293858010251273,0,0,"West",0
30,4,1,0.383892848835294,0,1,"North",0
20,13,0,0.485643326090198,0,0,"West",0
1,10,0,0.0849910284148045,1,1,"South",0
23,12,0,0.373873978630956,1,0,"East",0
38,11,1,0.272854860356837,1,0,"West",0
38,16,0,0.202990233163351,0,0,"South",0
15,12,2,0.371454037879242,0,0,"East",0
5,11,0,0.156826540318287,0,0,"West",0
53,24,1,0.373390788204404,0,0,"North",0
22,17,0,0.287482113552014,0,0,"North",0
23,13,2,0.0596488936128472,0,0,"North",0
29,8,0,0.547546938044755,0,0,"South",0
5,18,1,0.209387852753519,0,0,"North",0
15,7,2,0.181168926692592,0,0,"South",0
6,12,0,0.554865300656029,0,1,"South",0
16,16,2,0.51295266060588,0,0,"South",0
25,10,0,0.55683335423274,0,0,"West",0
8,10,0,0.234720169090779,1,0,"West",0
31,14,1,0.750535567155463,0,0,"South",0
27,13,2,0.320608357653494,0,0,"East",0
13,11,0,0.324696651670914,0,0,"North",0
27,11,0,0.292927697957319,0,1,"North",0
33,13,1,0.103731574201689,1,0,"East",0
37,14,0,0.105990052799254,1,0,"North",0
21,18,1,0.181924229017482,0,0,"West",1
23,10,0,0.388544666122716,1,1,"North",0
23,19,1,0.341773545863205,0,0,"West",0
41,5,1,0.138271946519533,0,1,"North",0
38,9,0,0.264155878431401,0,0,"South",0
34,5,0,0.199458503932363,0,1,"South",0
21,14,0,0.327724595810626,0,0,"East",0
28,14,0,0.429406411933018,0,0,"North",0
29,5,1,0.428183336571972,0,0,"East",0
11,12,1,0.111900629902415,0,0,"East",0
3,7,0,0.316588436430328,0,0,"South",0
32,14,1,0.658075668875769,0,0,"North",0
6,4,2,0.230009657600452,0,0,"East",0
24,16,0,0.391665166755672,0,0,"North",0
27,12,0,0.464607735137182,0,0,"North",1
31,7,0,0.244925071263874,0,0,"North",0
26,12,0,0.60125183405181,0,0,"North",0
15,11,0,0.408304053658276,0,0,"South",0
36,10,2,0.151876063577933,0,0,"North",0
45,5,1,0.513612237319686,0,0,"South",0
35,9,1,0.150153580457018,0,1,"South",1
1,11,0,0.424741392003454,0,0,"South",1
41,5,0,0.383452871665888,0,1,"North",0
23,14,0,0.579186887531901,0,0,"South",0
30,19,1,0.377565507985883,0,0,"West",0
31,16,1,0.4877495504043,0,0,"North",0
23,8,0,0.162817569855086,0,1,"East",1
23,9,0,0.267593425384491,0,0,"West",0
36,10,0,0.144911389695148,0,0,"West",0
33,15,0,0.122007405713825,0,0,"South",0
36,12,1,0.254257337830757,0,0,"North",0
53,7,1,0.261780819773892,0,0,"East",0
32,4,0,0.286174751967154,0,0,"West",0
26,15,0,0.0720272036606783,0,1,"East",0
1,7,0,0.134755732754765,0,1,"North",0
56,14,0,0.14725335247383,1,0,"South",0
18,12,0,0.132770462859322,0,0,"North",0
52,16,0,0.116284605540716,0,0,"North",0
28,17,2,0.223501763696234,0,0,"West",0
42,5,0,0.0377147925863018,0,0,"North",0
23,17,0,0.395696246080321,1,0,"East",0
30,15,2,0.270286122295228,0,0,"West",1
27,10,0,0.0551765463854339,0,1,"West",1
22,12,2,0.240060054690634,0,0,"West",0
23,14,0,0.276696987345417,0,0,"West",0
36,15,1,0.484484153018501,1,0,"West",0
22,3,0,0.274802621809338,0,0,"North",0
1,19,0,0.162720054545845,1,0,"South",0
22,5,0,0.173248833797064,1,1,"North",0
30,2,2,0.630015023247264,0,0,"North",0
31,17,0,0.228352875596797,0,0,"West",0
31,4,0,0.349810053109911,0,0,"East",0
4,11,2,0.374849113266986,0,0,"South",0
28,5,0,0.383936575613388,0,0,"North",0
36,3,2,0.0721693860095252,0,0,"North",0
39,10,0,0.444829165100084,0,0,"North",0
21,15,1,0.582793382703777,1,0,"West",0
20,14,1,0.0892656671035476,0,0,"North",0
42,9,1,0.107728228094717,1,0,"West",1
4,12,0,0.383148709494825,0,0,"West",0
19,12,1,0.194124028121192,0,0,"South",0
29,12,0,0.601033721819723,0,0,"East",0
5,10,2,0.0712365712393351,0,0,"North",0
27,14,1,0.366818499724885,0,0,"North",0
47,7,1,0.370271158286722,0,0,"North",0
24,14,0,0.497547883991866,0,1,"South",0
21,10,2,0.502608431430429,0,0,"West",0
30,10,0,0.308881326276539,0,0,"South",0
21,16,0,0.0597379944641009,1,0,"South",0
34,10,2,0.357105549475174,0,1,"East",0
35,7,1,0.368340656567385,0,1,"West",0
24,6,2,0.0463415826460959,1,0,"North",0
10,15,0,0.308111582082166,0,0,"West",1
8,0,1,0.110697247592399,0,0,"North",0
17,10,1,0.344122013294145,0,0,"South",0
34,13,1,0.41830851666526,1,0,"North",0
1,5,0,0.210744928124897,1,0,"North",1
1,12,0,0.249511503150099,0,0,"East",0
16,15,1,0.357641248314712,1,1,"South",0
29,3,0,0.392016197090672,0,0,"West",0
13,8,0,0.514492843919861,0,0,"West",0
35,21,0,0.487177168094955,0,1,"West",0
28,9,0,0.281841220872028,0,0,"North",0
22,7,1,0.259779401143981,0,0,"North",0
34,8,0,0.114911428692644,0,0,"North",0
29,10,1,0.377314799285124,0,0,"South",0
19,13,1,0.451717139799404,0,0,"East",0
27,8,0,0.20812690621948,0,1,"North",0
32,13,0,0.488983336702279,0,0,"West",0
28,16,0,0.298479636628552,0,0,"East",0
16,14,0,0.40350737118414,0,0,"South",0
34,16,0,0.158544626178828,0,0,"North",0
38,8,0,0.549678965626113,0,1,"West",0
27,11,0,0.0919856833952049,0,0,"West",0
26,15,1,0.251008810076769,0,0,"North",0
23,12,1,0.0808778931127425,0,0,"East",0
50,13,0,0.119080552954096,0,0,"South",0
27,12,0,0.0373533880674917,0,0,"East",0
22,13,0,0.24623463772844,0,0,"South",0
1,12,0,0.325457268659455,0,0,"West",0
5,7,0,0.172870062486131,1,0,"North",0
23,13,0,0.252790647336063,0,0,"South",0
26,10,1,0.0907842846089633,1,0,"North",0
27,19,1,0.253342807862925,0,0,"North",0
34,9,2,0.346877247252366,0,1,"West",0
22,13,0,0.522845045718178,1,0,"East",0
39,2,0,0.102811072627362,0,0,"West",0
13,9,0,0.0586877637264962,0,0,"West",1
9,8,0,0.665306498998069,1,0,"South",0
9,18,0,0.0672960364236606,1,1,"West",0
33,11,0,0.144915566042402,0,0,"North",0
23,13,2,0.105784097774836,0,0,"North",0
33,14,1,0.622454516886441,1,0,"North",0
21,9,0,0.48433356164102,0,0,"South",0
17,14,1,0.202911791315276,0,0,"East",0
20,20,1,0.32382820699819,0,0,"South",0
2,15,0,0.552747121660828,0,0,"West",0
10,16,2,0.183438560898235,0,0,"West",0
7,8,3,0.478136274410572,0,0,"West",0
37,13,0,0.127863270855721,0,0,"West",0
17,13,0,0.18943481532123,0,0,"South",0
33,9,1,0.250681081258355,0,0,"North",0
42,13,0,0.324039065607531,0,0,"West",0
22,22,0,0.202827302322347,0,0,"West",0
27,7,0,0.119013215900545,0,0,"West",0
3,15,1,0.159228928044259,0,0,"North",0
14,7,0,0.35344474721489,0,1,"West",0
25,14,2,0.363642761915749,0,0,"West",1
28,7,0,0.231582984803784,0,0,"West",0
15,15,1,0.168626142338373,0,0,"North",1
56,6,0,0.368267373386138,0,0,"South",0
18,12,0,0.216308109729133,0,0,"North",0
25,19,0,0.276615822319617,0,0,"North",0
32,11,0,0.258727959978424,1,0,"West",0
24,11,0,0.034974700994748,0,0,"South",0
16,19,1,0.268245086701292,0,0,"South",0
37,22,1,0.0721431765225993,0,0,"South",0
43,24,1,0.29191769372015,1,0,"West",0
24,10,0,0.180746883424747,0,0,"North",0
31,7,2,0.483316592818714,0,0,"East",1
23,15,0,0.221354299798157,1,0,"East",0
36,14,2,0.212441080331728,0,1,"East",0
10,18,1,0.269465947689325,1,0,"East",0
52,13,1,0.103260451838461,0,0,"East",0
17,13,1,0.306394909658753,0,1,"South",0
6,20,1,0.144848064354657,0,0,"East",0
20,13,0,0.0856287413956465,0,0,"West",0
26,15,1,0.147138832620186,0,0,"West",0
43,14,2,0.542334558384411,1,0,"West",0
35,12,1,0.118058366307932,1,0,"North",0
26,9,0,0.129732160966206,0,0,"West",0
7,10,1,0.0226878402105817,1,0,"West",0
14,2,1,0.407883576290682,0,0,"North",0
22,18,0,0.303668385562647,0,0,"South",0
55,4,0,0.21386233512462,1,0,"South",0
2,9,0,0.50378336112423,0,0,"West",0
38,10,2,0.289866013970048,1,0,"West",0
18,18,0,0.416158401061755,0,0,"North",0
44,12,1,0.208198234142945,0,0,"North",0
10,17,0,0.174224967160589,0,0,"North",0
26,11,1,0.558562793666777,0,1,"West",0
11,20,0,0.505593796513045,1,0,"East",1
35,14,1,0.377328479094683,1,0,"West",0
42,15,0,0.26166263005379,0,0,"East",0
47,16,0,0.141181609431082,1,0,"North",0
34,5,0,0.317911842744058,0,0,"South",0
46,12,1,0.221226549252294,1,0,"North",0
39,13,1,0.169549435797484,0,0,"North",0
22,8,0,0.285190666110255,0,0,"West",0
30,12,0,0.231406507445383,1,0,"West",0
12,8,1,0.51745101830576,0,0,"South",0
22,13,2,0.226621564586128,0,0,"North",0
39,3,1,0.343992784383246,0,0,"North",0
30,13,0,0.29416009864442,1,0,"East",0
29,9,0,0.284729317529992,0,1,"North",1
12,17,0,0.127388733340927,0,0,"West",0
17,2,0,0.315701674024288,1,1,"West",0
15,12,0,0.386960665118526,0,0,"North",0
29,11,0,0.293399780117685,0,0,"West",0
12,17,1,0.216576965848041,0,1,"North",0
31,4,0,0.413659399878548,0,0,"West",0
11,9,0,0.310914948687359,0,0,"West",0
46,16,2,0.483503837860784,0,0,"North",0
30,15,0,0.121558869666236,1,0,"East",0
16,14,0,0.119118009164828,0,0,"South",0
27,13,0,0.19656765432514,0,0,"West",0
20,4,2,0.461497053710034,1,0,"West",1
28,16,0,0.370993231115133,0,0,"East",0
27,13,1,0.073502856954318,0,1,"South",0
12,3,2,0.174782999175434,0,0,"North",0
15,11,0,0.455275145025985,0,0,"East",0
28,17,1,0.838374091749699,0,0,"North",0
44,16,0,0.569638164296255,0,0,"West",0
37,9,1,0.394058171300226,1,0,"North",0
17,17,3,0.232813418072776,0,0,"North",0
34,10,1,0.441305280999803,0,0,"North",0
23,14,0,0.177398490910754,0,0,"South",0
28,17,0,0.19258252437924,0,0,"South",0
27,14,0,0.455195416912025,0,1,"North",1
55,9,1,0.0545754576470349,0,1,"North",0
10,16,1,0.00240163357672847,0,0,"North",0
25,19,2,0.263365364890412,1,0,"West",0
3,7,1,0.0769849300610338,0,1,"West",0
31,11,1,0.216872857041254,0,0,"North",0
37,17,1,0.359282837370652,0,0,"North",0
41,8,2,0.18940876789122,0,0,"North",1
1,3,0,0.291858150221858,0,1,"North",0
29,10,1,0.160988913220281,0,0,"South",0
43,17,1,0.112892937622109,0,0,"East",0
19,5,1,0.240245108333231,0,0,"South",0
21,11,2,0.533161697843449,0,0,"North",0
24,17,2,0.112395566775885,0,0,"East",0
28,12,0,0.494974207415115,1,0,"South",0
32,15,0,0.188275086122722,0,0,"North",0
40,20,0,0.0885030050276438,1,0,"North",0
23,17,2,0.431338098207427,1,0,"West",0
26,15,0,0.456085517688372,0,0,"North",0
54,14,1,0.42060187042166,0,0,"South",0
29,6,0,0.277119594479948,0,1,"West",0
26,16,1,0.205396920401214,0,0,"West",0
8,15,0,0.268814119520447,0,0,"West",0
24,14,0,0.223601817185626,0,0,"East",0
21,12,0,0.460141252070825,0,0,"South",0
24,6,0,0.215868508176207,0,0,"West",0
17,13,0,0.435666076565721,0,0,"North",0
16,18,0,0.0781103551761179,0,0,"North",0
15,9,0,0.153334823982123,0,0,"West",0
21,3,1,0.348693697444616,1,0,"West",0
40,21,0,0.326498634363135,0,0,"South",0
37,9,0,0.164716431433875,0,0,"South",0
20,18,1,0.641408341956851,0,0,"East",0
4,15,1,0.479767450849961,0,0,"West",0
14,20,0,0.30344228777755,0,0,"South",0
19,12,0,0.349085887996968,0,0,"North",0
25,10,1,0.234710721346182,0,0,"North",0
16,21,0,0.591307634351211,0,1,"North",0
48,23,1,0.366505518503071,0,0,"West",0
21,14,2,0.0373507593947724,0,0,"West",0
9,13,0,0.292172926523443,1,1,"North",1
22,16,0,0.275805492757318,0,0,"West",0
12,9,1,0.122356796476603,1,1,"West",0
26,14,0,0.216886145794122,0,1,"East",0
27,7,0,0.554834553426719,1,0,"North",0
28,11,1,0.204214171547302,1,1,"North",0
5,16,0,0.448380631763202,0,0,"North",0
27,8,2,0.743513024681626,0,0,"North",0
28,16,0,0.171987567671207,0,0,"South",1
7,15,0,0.498219924579963,0,0,"North",0
35,19,1,0.495723997884203,0,0,"North",0
33,23,0,0.621425630841617,0,0,"West",0
52,9,0,0.394773318421423,0,0,"West",0
26,14,0,0.415933795172025,0,0,"South",1
25,20,0,0.156793365912797,0,0,"North",0
25,13,0,0.159481020483365,1,0,"North",0
25,9,0,0.121399444104212,0,0,"West",0
2,7,1,0.381243290456909,0,0,"East",0
4,19,1,0.308622175359535,0,0,"South",0
23,25,1,0.279795968997733,0,0,"North",0
17,7,0,0.318499842311304,0,0,"West",0
25,13,1,0.20932142076877,0,0,"East",0
1,4,0,0.746805174197834,0,0,"North",0
6,12,0,0.363417880823455,0,0,"South",1
11,10,2,0.281544143376422,0,0,"South",0
36,12,0,0.117272843673278,0,0,"North",1
11,26,0,0.126683205041195,0,0,"West",1
14,5,1,0.157477980689555,0,0,"West",0
25,14,1,0.390169022656492,0,0,"North",1
20,21,0,0.184740287406552,0,0,"East",0
26,9,0,0.144923371975577,0,0,"East",0
52,8,1,0.160195215520315,0,0,"West",0
11,12,3,0.114411325132822,0,0,"West",1
20,19,2,0.308373081678335,1,0,"East",1
18,10,1,0.593358523215805,0,0,"West",0
42,7,0,0.270017938156747,0,0,"North",0
15,12,3,0.618253986308905,1,0,"South",0
23,2,1,0.152040613991538,0,0,"West",0
33,5,0,0.264426737397808,1,0,"West",0
11,17,0,0.473173581967704,0,0,"North",0
44,14,0,0.365309143284382,0,0,"East",0
32,1,0,0.357133272370625,0,0,"East",0
11,15,0,0.20977859240163,1,0,"West",0
29,0,1,0.249148435616294,0,0,"East",0
21,10,0,0.354473038595049,1,0,"North",0
28,13,0,0.463419971908727,0,0,"East",0
23,5,1,0.489402319730013,0,1,"West",0
37,18,0,0.0767775578534985,0,0,"North",0
8,18,0,0.407831708724726,0,0,"West",1
18,9,0,0.399421249002804,0,0,"North",0
21,18,0,0.0328766938043822,0,0,"South",0
12,13,1,0.337606580066799,0,0,"West",0
12,15,0,0.387053234825192,0,0,"West",0
24,15,0,0.165782135958662,0,0,"North",0
22,6,1,0.0843433414996364,1,0,"North",0
1,2,2,0.426336157210158,0,0,"South",0
36,23,1,0.479015689501264,0,0,"West",0
27,13,2,0.360557882157286,1,0,"South",0
53,14,0,0.371667096448934,1,0,"South",0
32,6,0,0.5620502186726,0,0,"West",0
19,18,0,0.339336869427448,1,0,"West",0
58,21,2,0.118039072777963,0,1,"East",0
58,20,0,0.0906766022849862,0,0,"North",0
9,2,2,0.69811058920375,0,0,"North",0
30,7,0,0.480430725492473,0,0,"East",0
21,12,0,0.206740063198604,0,0,"East",1
26,15,0,0.288610421018537,0,0,"South",0
27,9,2,0.211233965722888,0,0,"South",0
9,8,2,0.306056168172436,1,0,"East",0
27,13,2,0.195833003095777,0,0,"West",1
45,7,1,0.115568514787879,0,0,"West",0
22,22,1,0.444966673012,0,0,"North",0
22,3,0,0.229995040355978,0,0,"West",0
41,15,1,0.24959608065348,0,0,"East",0
35,2,0,0.220370003610551,1,1,"East",1
4,10,0,0.360946797153261,0,0,"North",0
27,19,0,0.126939215786507,0,0,"West",0
44,18,2,0.357415268412852,0,0,"East",0
41,5,0,0.192178691388598,1,0,"West",0
29,5,0,0.24208637187321,0,0,"South",0
33,12,0,0.196193567789386,0,0,"East",0
10,7,0,0.297708444303083,0,1,"West",1
28,14,1,0.383009238988937,0,0,"North",1
13,7,1,0.141973016801237,0,0,"West",0
19,4,0,0.183957886286627,0,0,"North",0
35,10,0,0.260360173496332,0,0,"North",0
10,6,0,0.0642235476977678,0,0,"South",0
27,17,2,0.26203999380595,0,0,"West",0
29,10,1,0.218113496240395,1,0,"North",0
25,12,0,0.277862213602077,1,0,"West",0
46,19,0,0.112498636366038,1,1,"South",0
12,21,0,0.223140548282987,1,0,"East",0
31,12,0,0.401808416605186,0,0,"North",0
23,14,1,0.470886614697341,0,0,"South",0
21,19,1,0.318872917495782,0,0,"East",0
30,11,1,0.240739354899392,0,0,"South",0
12,7,1,0.104016063079348,0,0,"West",0
8,17,4,0.283027920233606,0,0,"East",1
18,4,0,0.352394428171549,0,0,"East",0
45,11,0,0.215269881887352,0,0,"East",0
25,10,0,0.514805842289548,0,0,"East",0
28,9,1,0.334541818724573,0,0,"North",0
22,0,1,0.130229116113071,0,0,"North",0
30,9,1,0.217586458790366,0,1,"North",0
13,18,0,0.174682218863299,0,0,"West",0
38,10,1,0.108834924845473,0,1,"West",0
31,9,0,0.219975753231529,0,0,"East",0
14,9,0,0.158379205139243,0,0,"West",0
25,8,1,0.316703915749287,0,0,"South",0
33,13,1,0.0425388058040434,1,0,"East",0
31,15,0,0.0845987177906594,0,0,"West",0
42,19,0,0.218765375435793,0,0,"South",0
17,4,0,0.474563172041463,0,0,"East",0
37,14,0,0.271397267491234,0,1,"South",0
36,11,0,0.479338428511087,0,0,"West",0
22,13,0,0.501418720231314,0,0,"West",0
12,7,0,0.292245596753297,1,1,"North",0
11,12,0,0.106008940398962,0,0,"West",0
29,6,1,0.550449862072858,1,0,"North",0
23,15,2,0.2278661894124,1,0,"North",1
45,7,1,0.393186462757205,0,0,"North",0
30,12,0,0.0724562759914345,0,1,"North",0
20,1,2,0.457924253959524,0,1,"South",0
12,14,1,0.265409698971477,0,0,"South",0
17,18,1,0.168797043141963,1,0,"North",0
28,16,1,0.278148662935922,1,0,"East",0
19,17,0,0.0915546147621513,0,0,"North",0
30,5,0,0.0259920833647785,1,1,"East",0
20,11,1,0.153153120348455,0,0,"East",0
23,12,1,0.278675181866167,0,0,"North",0
15,16,0,0.0985731939853117,1,0,"East",0
47,11,1,0.0261522402823187,0,0,"South",0
28,11,0,0.419308813507829,0,0,"North",0
27,20,0,0.153148175109325,0,0,"South",0
4,17,1,0.2951173551139,0,0,"West",0
32,3,1,0.0197398114148312,0,0,"North",0
12,10,0,0.473646253013405,0,0,"South",0
13,7,0,0.134977399479393,0,0,"East",0
35,27,0,0.299231507196485,0,0,"North",0
19,10,0,0.330544257630609,0,0,"South",0
3,18,0,0.349570741653941,0,0,"North",0
45,12,0,0.264719861974499,1,0,"East",1
1,13,0,0.435349269419752,0,0,"South",0
31,14,0,0.352438569100241,0,0,"South",1
36,11,1,0.260416440796403,0,0,"West",0
16,16,0,0.244774666353981,0,0,"South",0
29,15,0,0.102170919926588,0,0,"East",0
29,4,0,0.322459156555657,0,0,"West",0
36,9,1,0.0804561232419438,0,0,"East",0
30,9,0,0.1133975109708,1,0,"South",0
21,9,1,0.069364039645516,0,0,"South",0
35,17,0,0.448614529300597,0,0,"North",0
34,19,0,0.745470512313356,0,0,"North",0
13,7,1,0.386012458302313,0,1,"West",0
7,15,0,0.249246696161129,0,1,"East",1
26,6,0,0.725205958871909,0,0,"East",0
21,9,0,0.289819155823278,0,0,"West",0
12,13,0,0.208151467606239,0,0,"West",0
25,11,1,0.182559021613215,1,0,"West",0
8,9,1,0.187920309622544,1,0,"East",1
26,6,0,0.385135980951284,0,0,"South",0
17,10,2,0.372185537455863,1,0,"North",0
35,12,1,0.298903142221349,1,1,"East",0
53,15,0,0.0477635646992288,0,0,"West",0
13,8,0,0.110629136764393,0,0,"West",0
37,15,0,0.0249802669294218,0,1,"South",0
34,6,0,0.0992749366895336,1,0,"West",0
23,9,1,0.160958180254997,0,0,"West",0
19,14,0,0.60003707356137,0,0,"South",0
43,9,1,0.258826950339288,0,0,"South",1
1,8,0,0.250661269824145,0,0,"South",0
16,12,1,0.544532767944902,0,0,"East",0
7,12,0,0.260318881932505,0,0,"South",1
41,17,0,0.588829594534485,0,0,"North",0
22,11,1,0.348671948664905,0,1,"East",0
18,3,0,0.126583799381052,1,0,"South",0
62,9,2,0.374947516422341,0,0,"West",0
23,9,0,0.278363918825267,1,0,"East",0
19,7,1,0.192614817583989,0,0,"South",0
28,14,1,0.245783122339421,0,0,"West",0
5,25,1,0.287643481214873,0,0,"West",0
30,16,0,0.4295027828075,0,0,"South",0
23,11,0,0.300311887035126,1,0,"South",0
30,15,0,0.329773100320884,0,0,"East",0
12,19,0,0.0935830233101003,0,0,"South",1
12,10,0,0.249310545991588,0,0,"South",0
16,15,1,0.264611878608949,0,0,"West",0
15,15,0,0.218413651380674,0,0,"North",0
40,11,2,0.211085232370789,0,0,"North",0
43,12,2,0.28781464042032,0,0,"West",0
22,15,1,0.286175507209416,0,0,"South",0
20,12,0,0.243457544432745,0,0,"West",0
20,10,0,0.235044862114884,0,0,"West",0
25,9,2,0.210127668182038,0,0,"West",0
25,13,0,0.186532953113981,0,0,"North",0
27,12,0,0.400347866856946,0,0,"East",0
15,10,0,0.258646824296072,0,0,"West",0
14,13,0,0.392846390029779,1,0,"South",0
38,8,0,0.467538379755343,0,0,"East",0
17,8,0,0.351742330169709,0,0,"East",0
28,19,0,0.212007853356962,0,0,"North",0
23,8,1,0.295983603304712,0,0,"West",1
13,14,2,0.120676362739566,1,0,"West",0
31,7,0,0.478053168850775,1,0,"West",0
26,11,1,0.430433351458795,0,1,"East",0
41,14,1,0.124340284709116,1,0,"South",0
25,7,2,0.235800268677798,0,0,"West",0
20,15,0,0.127681593643291,1,0,"South",0
27,13,1,0.245060551943121,0,0,"West",0
10,10,0,0.330495554917649,0,0,"West",0
14,13,0,0.350106958538513,0,0,"West",0
30,12,1,0.176481681405761,1,0,"South",0
20,8,1,0.268011481878645,0,0,"West",0
23,5,0,0.12924607782803,0,0,"West",0
23,13,0,0.375127784155619,1,0,"East",0
16,7,1,0.415022826520551,0,1,"North",0
1,12,1,0.0959017292014013,0,0,"East",0
28,4,1,0.46531160357253,0,0,"West",0
33,7,0,0.511430451690699,0,0,"West",0
9,13,2,0.435692033277261,0,0,"West",0
42,17,0,0.495803785375465,1,0,"West",0
29,13,2,0.131604633049581,0,0,"West",0
40,7,0,0.138004482393042,1,1,"West",0
13,10,1,0.622487865483822,0,0,"North",0
26,17,1,0.455576473503802,0,1,"West",0
23,15,1,0.227977261110509,0,0,"East",0
33,16,4,0.422044014344331,0,0,"North",0
17,17,0,0.32523496959028,1,0,"South",0
24,14,0,0.211025914636939,1,1,"West",0
3,18,1,0.18235225434737,0,0,"West",1
15,7,1,0.106717567062439,0,1,"North",0
26,13,1,0.329003958045249,0,0,"North",0
16,10,0,0.400035676760839,0,0,"East",0
23,13,0,0.321742915927513,1,0,"East",0
18,19,0,0.362311525534426,0,1,"North",0
31,15,0,0.256137926757173,1,0,"West",0
38,9,0,0.390353490046016,0,0,"North",0
14,10,0,0.146630410750337,1,0,"North",0
20,7,0,0.242995618200867,0,0,"North",1
41,12,0,0.277831047267494,0,0,"West",0
1,10,1,0.621515508901245,0,0,"South",1
20,16,0,0.0342714205289098,1,0,"North",0
49,10,0,0.863600410935438,0,0,"North",0
50,16,0,0.164524932444083,0,0,"South",0
26,16,0,0.235124174142493,0,0,"West",0
14,10,0,0.231290483151182,0,0,"North",0
26,19,1,0.260161371967324,0,0,"West",0
16,12,0,0.0188003411384167,1,1,"North",1
41,9,0,0.340668391184714,0,0,"North",0
14,12,3,0.440387336668943,0,0,"North",0
28,7,0,0.180339914687996,0,0,"North",0
31,15,0,0.161336709138419,0,0,"South",0
15,8,0,0.630542616933287,0,1,"South",1
34,18,1,0.226215687985366,1,0,"North",0
15,2,0,0.0875205861179022,0,0,"North",0
32,6,0,0.178338630083938,0,0,"South",0
37,10,2,0.718090978369145,0,1,"West",0
12,8,1,0.066459066895575,0,0,"North",0
37,19,2,0.196699484461642,0,0,"South",0
18,12,0,0.0666592345176801,0,1,"East",0
28,14,0,0.108337902293898,0,0,"North",0
26,16,1,0.361658876506379,0,0,"North",0
19,13,2,0.2312897027111,0,0,"West",1
27,17,0,0.0143905880704721,0,0,"East",0
9,14,0,0.217069488169332,0,0,"North",0
22,15,1,0.221471384084125,0,0,"South",0
34,5,0,0.167005036995521,0,0,"West",0
1,6,0,0.45868872639993,0,0,"North",0
6,1,0,0.220603010668041,1,0,"West",0
10,11,2,0.503930289296758,1,0,"East",1
5,19,0,0.0462624797601068,0,0,"North",0
29,7,0,0.328631098712625,1,1,"South",0
12,14,1,0.144411808474563,1,0,"West",0
1,14,0,0.21087103129375,0,0,"East",0
16,13,0,0.185354130005711,0,0,"South",0
19,11,0,0.111494121681978,0,0,"West",1
34,9,2,0.414534246883244,0,0,"East",0
11,9,1,0.111823390436031,1,0,"South",0
38,12,1,0.0801113791090997,0,0,"West",0
29,18,1,0.237278101005184,0,1,"South",0
28,8,3,0.0533374345406892,1,0,"North",0
14,11,0,0.138747960278444,0,0,"North",0
47,12,1,0.295326820759206,1,0,"West",0
22,16,0,0.490031806928699,0,0,"South",0
2,11,0,0.0622915054825214,0,1,"South",0
22,15,1,0.305921848865072,0,0,"West",0
1,5,2,0.706535962256173,0,0,"West",0
20,16,0,0.541789207715504,1,0,"North",0
19,12,1,0.122240372484173,0,0,"East",0
32,7,1,0.268375600992946,0,0,"South",0
36,0,1,0.341253463757046,1,1,"North",0
15,10,1,0.167127061381469,1,0,"North",0
34,15,0,0.155029758742931,0,0,"South",0
41,14,0,0.288093191842189,0,0,"South",0
15,10,1,0.343354513920604,0,0,"West",0
16,12,0,0.0642405581798617,1,0,"West",0
32,13,0,0.223535232025068,0,0,"South",0
26,8,0,0.0569569722129346,0,0,"West",0
31,12,1,0.53650959284102,0,0,"South",0
41,13,1,0.110569659274802,0,0,"West",0
29,8,1,0.319647501057982,0,0,"East",0
37,13,0,0.0761459037256668,0,0,"West",0
31,14,0,0.195187888179222,0,0,"South",0
29,15,0,0.429686991485202,0,0,"South",0
29,16,0,0.0767686604989243,0,0,"East",0
39,14,0,0.112962286267401,0,0,"West",0
12,14,0,0.21966852320024,0,0,"South",0
11,12,0,0.18839751196731,0,1,"East",0
31,14,2,0.289349770488512,0,0,"South",0
23,6,0,0.262698074917113,0,0,"North",1
25,15,0,0.0394033561341821,1,0,"North",0
33,9,0,0.093065134005639,0,0,"East",0
33,24,1,0.316304124383152,0,0,"East",0
21,9,0,0.389722962767328,1,0,"South",0
20,0,0,0.419146381877867,1,0,"North",0
25,19,0,0.280829419958947,0,0,"South",0
37,9,0,0.112760705237859,0,0,"East",0
29,15,0,0.0241805370094306,0,0,"North",1
41,13,1,0.238943937265658,0,0,"South",0
24,17,0,0.229994413581414,0,0,"East",0
38,7,1,0.147533993965557,0,0,"East",0
35,6,1,0.0257993526923414,0,0,"West",0
31,17,0,0.0845429943637506,0,0,"West",0
29,7,1,0.110809495430079,0,0,"North",0
21,4,1,0.281220714598598,0,1,"West",0
23,16,0,0.221745646505884,0,1,"South",0
27,12,1,0.315706184911377,0,0,"North",0
25,23,1,0.0682901239862111,1,0,"North",0
35,14,0,0.308093518835198,0,0,"West",0
23,10,0,0.387320586830103,0,1,"North",0
23,9,0,0.174703619826964,0,0,"North",1
18,20,0,0.214052948567318,0,0,"West",0
22,6,0,0.291327746561185,1,0,"South",0
23,15,1,0.0414529424973906,1,1,"West",0
1,15,1,0.0303662438385866,0,0,"South",0
8,9,1,0.161872583985839,0,0,"South",0
23,20,0,0.382074882479794,0,0,"West",0
21,8,1,0.565970734654396,1,0,"West",0
10,12,0,0.0191895616960732,0,0,"East",0
1,14,0,0.244006059581459,0,0,"West",0
20,24,0,0.135435892749356,1,0,"South",1
32,15,0,0.180319431578934,0,1,"East",0
45,21,1,0.527012216267152,1,0,"East",0
24,8,1,0.223622546839407,0,0,"West",0
42,3,0,0.295621807918046,0,0,"North",0
25,16,0,0.0528536524300099,0,0,"North",0
25,4,1,0.279408564523167,0,0,"West",0
28,5,0,0.450961694321273,0,0,"West",0
14,15,0,0.388117030929007,0,0,"West",0
23,12,1,0.095160072686151,0,0,"East",0
35,16,0,0.319963478144638,1,0,"North",0
15,19,0,0.0893758635785156,0,0,"South",0
20,17,1,0.306232934969657,0,0,"West",0
10,14,0,0.352308234384253,0,0,"West",0
28,15,0,0.12814714158474,0,0,"South",0
29,13,1,0.083676190157156,1,0,"East",0
32,21,2,0.298104891623765,1,0,"North",0
9,12,2,0.306386410992478,1,0,"North",1
25,16,0,0.307723070171036,1,0,"South",0
13,7,0,0.1769805396491,0,0,"West",0
24,12,0,0.18526762089259,0,0,"West",0
40,2,1,0.125687808516419,1,0,"North",0
18,13,4,0.161458748059611,0,0,"West",0
33,5,0,0.62472645484185,0,0,"South",0
15,11,0,0.0992886374401992,0,0,"South",0
18,11,2,0.357587126507489,0,0,"South",0
29,17,2,0.147924189671309,0,0,"North",1
16,9,1,0.351980758214415,0,1,"South",0
4,9,0,0.567353778072298,0,0,"West",1
39,2,0,0.333143676753876,1,0,"South",0
28,15,1,0.20865292483148,0,0,"West",1
17,17,0,0.0601015253103173,1,1,"East",1
1,11,0,0.126995332848852,0,0,"North",0
47,19,0,0.111676418385326,0,0,"South",1
65,10,0,0.425207700841242,0,0,"North",0
26,7,0,0.206985715534289,0,0,"South",0
34,13,1,0.395820979616938,0,0,"South",0
39,15,0,0.497936335170562,0,0,"South",0
16,5,1,0.211247470324115,0,0,"East",0
20,4,0,0.225444887190323,0,1,"West",0
3,12,0,0.166228808410279,0,0,"West",0
15,14,0,0.621151524372698,0,0,"North",0
31,0,1,0.207647453367335,0,0,"West",1
21,3,0,0.274391274940594,0,0,"North",0
21,14,0,0.178615861097329,1,0,"West",0
23,16,2,0.23668999638324,1,0,"West",1
2,10,1,0.350484287161865,1,1,"North",0
34,18,1,0.132113529994506,0,1,"East",0
7,9,1,0.51361180898964,1,0,"West",0
21,11,1,0.104459827435604,0,0,"South",0
19,19,0,0.488647729749112,0,0,"West",0
21,12,0,0.167081994356739,0,0,"East",0
42,12,2,0.13579901682137,0,0,"North",0
17,8,3,0.283147885330591,1,1,"East",1
15,12,1,0.331028331675018,0,0,"East",0
6,9,0,0.467212882076548,0,0,"West",0
14,3,2,0.269469307490748,0,0,"West",0
10,7,0,0.130569842905912,0,0,"West",0
29,11,0,0.342074284570298,1,0,"East",0
14,13,0,0.21592614039793,0,0,"West",0
28,17,0,0.482766407750489,0,1,"North",0
22,12,1,0.10986721265665,0,0,"South",0
7,11,2,0.166363323497521,0,0,"West",0
15,18,0,0.625985310589293,1,1,"West",0
35,24,0,0.116520165286341,0,0,"West",0
35,12,0,0.193783823384885,1,0,"West",0
48,18,0,0.26376101392346,0,0,"South",0
24,14,0,0.157792500405267,0,0,"East",0
6,12,1,0.496194633611173,0,1,"North",0
15,2,1,0.33886257723051,0,0,"North",0
29,7,0,0.264391758311648,0,0,"East",0
47,9,0,0.499355938335283,0,0,"East",0
25,6,0,0.360161754393525,0,0,"South",0
38,6,1,0.0799790926918794,0,0,"North",0
33,10,0,0.0813232767383761,1,0,"West",0
10,17,1,0.3021541214199,0,0,"South",0
22,7,1,0.0512497888753261,0,0,"North",1
40,13,0,0.13285788002488,0,0,"West",0
35,11,0,0.442678923189818,0,0,"East",0
30,16,0,0.444806757940055,0,0,"East",0
30,12,0,0.20203120156905,0,0,"West",0
18,11,1,0.296079592818827,0,0,"South",1
8,9,0,0.104399828421399,0,0,"West",0
40,16,0,0.264549122104829,0,0,"East",0
7,18,2,0.50174817658658,0,0,"West",1
13,12,2,0.606014526056589,0,0,"South",0
32,28,2,0.0951048703838693,0,1,"South",0
9,12,0,0.219472326121345,0,1,"East",0
17,27,0,0.256524689624305,1,0,"South",0
10,11,1,0.318718661332959,0,0,"South",1
31,4,0,0.0946809858270327,1,0,"West",0
29,5,1,0.319435529585612,0,1,"West",0
29,8,0,0.4011337348946,0,0,"North",0
29,19,0,0.107225549036701,0,1,"North",0
31,21,0,0.413512653933655,1,0,"North",0
32,14,1,0.226156615304564,0,0,"West",0
1,14,1,0.0563286724117674,0,0,"West",0
22,9,0,0.796803137162598,1,0,"North",0
25,9,0,0.166217071230718,1,0,"East",0
33,8,1,0.228074386163069,1,0,"West",0
10,8,0,0.350347088597749,0,1,"East",0
18,9,0,0.312402167939908,0,0,"West",0
11,9,0,0.0708838737696909,0,0,"West",0
37,15,2,0.159887985600727,0,1,"West",0
39,16,1,0.431809864417668,1,1,"West",0
33,20,0,0.136220948939358,0,0,"East",0
9,0,1,0.331324119149007,0,1,"North",0
29,14,0,0.307068340544744,0,0,"South",0
38,10,1,0.511069525125642,0,0,"East",0
26,11,0,0.427995150473368,0,0,"North",0
17,4,1,0.363234023981366,0,0,"West",0
11,12,1,0.536321682596925,0,0,"West",0
16,8,0,0.356556465315503,0,0,"North",0
33,14,0,0.147277051895504,0,0,"North",0
19,6,1,0.221549496826573,0,0,"West",0
27,29,1,0.167292517531389,0,0,"West",0
40,8,3,0.156922237066771,0,0,"East",0
31,11,0,0.587778563788823,0,0,"North",0
40,6,0,0.530748974039374,0,0,"East",0
4,10,0,0.363106595671347,0,0,"South",0
21,23,0,0.286888924845707,0,0,"South",0
25,10,0,0.283400506105961,1,1,"South",0
31,15,1,0.193023588694441,0,0,"West",0
10,7,0,0.394668295079489,0,1,"South",1
34,20,1,0.0851841557312116,0,0,"North",0
28,14,0,0.105219738517744,0,0,"North",0
27,8,0,0.438840343453584,0,0,"South",0
30,13,0,0.146135314137831,0,0,"North",0
23,10,1,0.466733815524559,0,0,"East",0
35,15,1,0.305208395117802,0,0,"South",1
32,8,1,0.333795121437615,0,0,"West",0
22,14,1,0.244248225475697,1,0,"North",0
36,20,1,0.198002009029834,0,1,"North",0
28,18,2,0.213594717923204,0,0,"North",0
32,14,3,0.29426266735268,0,0,"South",0
17,14,0,0.456485224490244,0,0,"North",0
43,14,0,0.0644927938004721,0,0,"South",0
24,16,0,0.260790218157545,0,0,"West",0
34,14,0,0.326573997433328,0,0,"South",0
23,15,0,0.0922838123710144,0,1,"North",0
21,15,0,0.110169782111217,0,0,"North",0
33,13,0,0.18397097161197,1,0,"East",0
5,16,0,0.406884108018223,0,0,"North",0
30,12,2,0.198764925301793,0,0,"North",0
29,17,0,0.1354588823188,0,0,"South",0
1,10,0,0.0729659862133194,0,0,"North",1
28,13,0,0.451897878194896,1,0,"North",0
1,12,0,0.47377905342222,0,0,"West",0
32,7,0,0.118776656983418,0,0,"East",0
19,18,0,0.300707466125401,0,0,"North",0
16,6,0,0.219055367293157,0,0,"North",0
24,19,0,0.159292842955745,0,0,"West",0
40,7,0,0.669633648374301,0,1,"South",0
16,7,0,0.0603336631058324,0,1,"South",0
31,16,0,0.104173567509002,1,0,"East",0
28,12,1,0.455520627392127,0,0,"East",1
10,3,0,0.254153239174152,0,0,"East",0
3,20,2,0.0149426903924579,0,0,"North",0
1,0,0,0.310727673212355,0,0,"North",0
31,9,0,0.290762621514107,0,0,"West",0
24,4,0,0.499619458810646,0,0,"North",0
46,9,1,0.142585279428452,1,1,"North",0
31,12,0,0.265593573413389,0,1,"West",0
34,10,0,0.515177622778234,0,0,"East",0
40,9,0,0.257041835041292,0,0,"North",0
18,11,1,0.272818384334492,0,0,"North",0
30,13,1,0.32412076436167,0,0,"North",1
34,8,0,0.123155787598887,0,0,"West",0
40,2,0,0.147511682909866,0,0,"South",0
33,7,1,0.205306218609277,1,0,"North",0
29,2,2,0.12698691547008,1,1,"South",1
14,15,0,0.139967203724172,0,0,"South",0
33,21,2,0.262851545090723,1,0,"North",0
30,6,0,0.630582733884374,0,0,"South",0
32,8,0,0.206413533446559,1,0,"East",0
29,8,0,0.331464015605274,0,1,"West",0
22,16,0,0.291687960237901,0,1,"North",0
23,12,0,0.327900826234319,1,0,"West",0
32,14,3,0.131762911256176,0,0,"South",0
26,16,1,0.167009266194245,0,0,"North",0
14,13,0,0.422829508131818,0,0,"West",0
21,14,4,0.0131456672382409,0,0,"East",0
8,6,0,0.591748743857033,0,0,"North",0
12,12,0,0.34547295481644,1,0,"East",0
22,9,2,0.0712216231977309,0,0,"South",0
2,5,0,0.132569966792989,0,0,"East",0
4,6,0,0.551673805518238,1,0,"West",0
37,17,0,0.367333505758808,0,0,"South",1
17,5,0,0.235705876092309,1,1,"West",0
2,10,0,0.334234713060615,0,0,"West",0
23,17,0,0.602587281533416,0,0,"East",0
40,14,1,0.263295676836826,0,0,"North",0
32,15,0,0.247051519475205,0,0,"East",0
29,14,0,0.220899002550322,0,0,"West",0
38,11,0,0.246250620988636,0,1,"North",0
15,1,2,0.0389598354899437,0,0,"West",0
33,9,2,0.255678102061496,0,0,"North",0
17,5,1,0.259426005735049,0,0,"West",0
24,10,1,0.43677372453893,1,0,"West",0
51,22,1,0.217294007503821,0,0,"West",0
36,13,0,0.6709939861314,0,0,"North",0
33,8,2,0.448350327674378,0,0,"East",0
11,16,1,0.269880277125872,0,1,"North",0
15,14,0,0.220238436754772,0,1,"West",1
51,12,0,0.202467935103017,0,0,"North",1
11,11,0,0.149884382453494,0,0,"North",0
27,11,1,0.40884828469137,0,1,"South",0
35,12,1,0.336320543243369,0,0,"South",0
36,15,0,0.553941850726006,0,0,"North",0
37,13,0,0.183550829279407,0,0,"South",0
22,9,0,0.0706900627987904,0,0,"East",1
14,16,1,0.0395419185058049,0,0,"South",0
20,9,0,0.0193858854523643,0,0,"East",0
13,19,0,0.462894950095532,1,0,"North",0
32,7,0,0.283576557874312,1,0,"North",0
37,16,1,0.498043238177509,0,0,"North",1
50,18,0,0.176570936111436,0,0,"North",0
28,18,0,0.709528174917274,0,1,"West",0
14,11,0,0.318628161499882,1,0,"South",0
36,15,1,0.240233874068137,1,1,"North",0
35,1,1,0.424049634728514,0,0,"North",0
21,14,0,0.501535004787258,0,0,"South",0
5,11,1,0.455514029485217,0,0,"South",0
33,15,0,0.261349689393345,1,0,"North",0
38,13,0,0.363393760265471,1,0,"North",0
20,18,1,0.211607630494147,0,0,"East",0
30,11,0,0.133992648735485,0,0,"South",0
21,16,0,0.0742792436108416,0,0,"North",0
32,11,1,0.0791034912528388,0,1,"North",0
23,15,2,0.212171714927696,0,0,"South",0
20,6,1,0.40726769255664,0,1,"West",0
25,15,1,0.312797177052764,0,0,"West",0
21,10,1,0.239692934321541,1,0,"East",0
17,14,0,0.0498211713132671,0,0,"West",0
20,8,0,0.238536109137954,0,0,"South",0
24,15,2,0.140434618638744,1,0,"West",0
26,27,0,0.0886264782697553,0,0,"North",0
42,20,1,0.113282958860227,0,0,"East",0
8,17,0,0.208442214904404,0,0,"West",0
22,9,0,0.218383785009995,0,1,"West",0
32,14,3,0.573108670295605,1,0,"North",1
45,11,1,0.3931626993812,0,0,"West",0
29,2,0,0.263444454952744,0,0,"North",0
24,11,0,0.416263013114767,0,0,"North",0
20,10,0,0.33737889258668,0,0,"West",0
29,12,0,0.590895387540018,0,0,"West",0
36,9,1,0.0655259652453856,0,1,"West",0
22,15,1,0.373032648014025,0,0,"North",1
26,22,2,0.28525945601557,0,0,"North",0
27,18,0,0.507371782917592,0,0,"West",0
33,15,0,0.147442622048961,0,1,"West",0
37,12,0,0.185273125247988,0,1,"East",0
27,12,2,0.543672335054313,0,1,"North",0
23,18,0,0.361667697865825,1,1,"North",0
41,18,0,0.153383791191584,1,0,"South",0
26,9,1,0.144600680853759,0,0,"North",0
43,17,0,0.15477770882262,0,0,"East",0
23,6,1,0.355166131347602,0,1,"East",0
31,6,0,0.464044921343016,0,0,"West",0
5,20,1,0.0929612614857075,0,0,"West",0
23,12,0,0.427668579947892,0,0,"West",0
24,12,0,0.372975126879099,0,0,"South",0
15,17,2,0.334567091838,0,0,"West",0
12,11,0,0.328441234687057,0,0,"North",0
35,8,1,0.174553893346466,1,0,"South",1
35,13,0,0.0339365257635543,0,0,"South",0
8,3,1,0.169949214113974,0,0,"South",0
29,10,0,0.0772453855598634,0,0,"West",0
11,11,1,0.299260791507615,0,0,"West",1
11,5,0,0.0526573655882631,0,0,"East",0
30,13,0,0.335801594793894,0,0,"West",0
16,8,0,0.579790028608877,0,0,"East",0
36,18,0,0.528140297556025,0,0,"South",0
24,11,1,0.245306843869806,0,0,"East",0
30,7,0,0.169392918795891,1,0,"East",0
18,13,1,0.078990292373039,0,0,"North",0
10,12,0,0.426137095816897,0,0,"East",0
35,12,0,0.485493380071293,0,0,"South",0
27,13,1,0.172239116639547,0,0,"South",0
21,10,0,0.216948699540111,1,0,"North",0
25,10,0,0.0732225742331515,0,0,"West",0
40,15,1,0.281199642586343,0,0,"East",1
16,20,1,0.133565164174684,0,0,"East",1
15,2,1,0.0825803186738459,0,0,"West",0
17,11,1,0.10589252173869,0,0,"East",0
5,17,1,0.261433834553027,1,0,"West",0
34,6,1,0.331966972169977,1,0,"West",0
26,18,0,0.0395938210291944,0,0,"North",0
26,10,2,0.136702204745985,0,0,"South",0
23,16,0,0.358221793078585,0,0,"West",0
18,19,0,0.525079222618807,0,0,"West",0
14,16,0,0.14124323979159,0,1,"North",0
34,18,0,0.130257485062098,0,1,"North",0
7,1,0,0.331653250208795,0,0,"North",0
29,6,0,0.101702710184903,0,0,"South",0
14,15,1,0.210303912779281,0,0,"East",0
27,7,0,0.129978272375985,0,0,"West",0
15,9,0,0.343623139153561,0,0,"East",0
18,19,0,0.451548761009146,0,1,"West",1
45,13,1,0.546942877184061,0,0,"West",0
32,12,1,0.226069582363664,0,0,"West",0
1,11,0,0.268266620998672,0,0,"East",0
26,4,0,0.269891308515479,0,0,"South",0
19,3,1,0.275684098359305,0,0,"North",0
10,11,1,0.245348952245426,0,0,"North",1
27,14,0,0.155736130104122,0,0,"East",0
26,5,1,0.325561155097728,0,1,"West",0
20,3,0,0.179469658747188,0,0,"West",0
48,18,0,0.278852698707076,1,0,"East",0
1,15,0,0.26829334869205,0,0,"South",0
34,14,0,0.0939691812760721,0,0,"East",0
21,17,1,0.574314891866774,0,0,"North",0
32,15,1,0.325819123107593,0,0,"West",0
19,7,0,0.218650511313281,1,0,"South",0
17,18,0,0.400437917088937,0,0,"West",0
3,6,0,0.117347614591046,0,0,"West",0
21,10,1,0.398381397027387,1,0,"South",0
54,14,0,0.230975261651237,0,0,"North",0
36,13,0,0.566883152173633,0,0,"West",0
44,15,0,0.320797158716944,0,0,"East",0
35,16,0,0.181377521213185,0,0,"North",0
38,8,2,0.0811143597130961,0,0,"North",0
35,6,0,0.277553656333624,0,0,"East",0
30,6,1,0.42772783251826,0,0,"North",0
17,15,1,0.356269252712535,0,0,"West",0
18,10,0,0.0816054848028985,0,1,"North",0
5,14,2,0.37801866185088,0,1,"South",0
24,18,0,0.186547982727105,0,0,"South",0
35,9,0,0.287582599256039,0,0,"East",0
36,17,1,0.599900317844764,0,0,"West",0
25,9,3,0.358121722120032,0,0,"West",0
17,15,0,0.404500853187202,0,0,"East",0
63,12,1,0.146242393060354,1,0,"South",0
33,8,1,0.333035474232125,0,0,"North",0
41,17,0,0.0763599123903034,0,0,"North",0
20,16,3,0.490356422739379,1,0,"North",0
24,8,1,0.155887239566501,0,0,"North",0
29,12,0,0.100303943587739,0,0,"North",0
44,25,1,0.142408116995849,0,0,"West",0
20,8,1,0.435322587851,0,0,"West",0
34,11,1,0.324630224768998,0,1,"West",0
1,19,1,0.0350705549302821,0,0,"South",0
18,6,1,0.0287193523048424,1,0,"West",0
8,24,1,0.212278906368052,0,0,"West",0
37,9,0,0.138707222859385,0,0,"East",0
22,9,1,0.294203015032207,0,0,"East",0
19,12,0,0.187616558369796,0,0,"North",0
40,17,2,0.205994686711448,0,0,"West",0
37,28,1,0.347152627912355,0,0,"West",0
13,14,0,0.436481046126851,0,1,"West",1
29,15,0,0.210010364052056,0,0,"West",0
9,5,0,0.388596355021424,1,0,"North",1
18,13,0,0.0480707672416294,1,0,"South",0
43,0,1,0.158959523880287,0,0,"North",0
41,11,0,0.345734333980063,0,0,"North",0
37,19,0,0.215793935645254,0,1,"North",1
17,11,1,0.430824886686774,0,0,"East",0
1,12,0,0.106797039605033,0,0,"North",0
10,12,1,0.471703553424532,1,0,"North",0
35,11,0,0.469879401730147,0,1,"West",1
21,13,0,0.32327562712821,0,1,"North",0
1,4,0,0.272148146652406,0,0,"East",0
22,10,0,0.499294380652872,0,0,"West",0
41,10,0,0.242827148644296,0,0,"West",1
32,15,0,0.347844945296923,0,0,"North",1
14,13,1,0.109435586362103,0,0,"East",0
5,8,0,0.166258725353119,0,0,"East",1
14,16,0,0.370144892544081,0,0,"South",0
24,18,0,0.180252565417537,0,0,"West",0
35,6,0,0.225016890853297,0,0,"West",0
1,13,1,0.553229045683592,0,0,"North",0
36,8,0,0.321432412615192,0,0,"North",0
24,9,0,0.398730657495956,0,0,"West",0
31,14,0,0.533492716549617,0,0,"South",0
4,16,1,0.236407071070738,0,0,"North",0
16,14,1,0.226025026686481,0,0,"South",0
19,9,0,0.0566305169272139,0,0,"East",0
37,18,0,0.367807315074541,0,0,"West",0
36,17,1,0.307458050008386,1,0,"West",0
29,7,0,0.251052091278723,0,0,"West",0
43,14,0,0.328345306285708,1,0,"South",0
18,6,1,0.0934627329765862,0,0,"South",1
36,19,0,0.220999488741909,0,1,"North",0
24,13,1,0.112296653313366,1,0,"North",1
16,17,1,0.302589495954494,0,0,"South",0
35,14,1,0.222633162959289,0,0,"South",0
41,11,0,0.341311943676094,0,0,"South",0
35,16,1,0.17014740425648,0,0,"East",0
18,6,0,0.403484314503198,0,1,"East",0
18,5,0,0.292248540065508,0,0,"North",0
41,9,0,0.117152426203833,0,0,"North",0
28,13,1,0.063500570141298,0,1,"South",0
34,10,0,0.603153264614065,0,1,"East",0
20,10,0,0.593943094545065,0,0,"South",0
39,17,1,0.126702925291969,0,0,"North",0
14,9,1,0.217857968085686,0,0,"West",0
32,17,0,0.462143498664824,0,1,"North",0
14,8,0,0.437707915959682,0,0,"East",0
1,11,0,0.19848905771412,0,0,"East",0
8,8,1,0.190390665238628,0,0,"West",0
26,10,1,0.208886981060828,0,0,"South",0
35,6,0,0.113810984438747,0,0,"East",0
3,14,0,0.304875077417711,0,0,"West",0
9,18,0,0.246393918788149,1,0,"West",0
45,13,0,0.133280667470942,0,0,"North",0
19,21,1,0.298232919475473,0,0,"North",0
30,4,1,0.224894012252891,0,0,"West",0
18,8,0,0.239220243307245,0,0,"East",0
20,15,1,0.367970321915924,0,0,"East",0
25,15,1,0.186627547257548,0,0,"West",0
24,14,1,0.278966706045153,0,0,"North",0
22,21,1,0.357813492070101,1,0,"West",0
18,20,0,0.214239128619062,1,0,"North",0
1,5,1,0.63759789519929,0,0,"West",0
46,10,1,0.775088334941807,0,0,"West",0
45,5,0,0.520041482038233,0,1,"East",0
11,7,0,0.259627594349874,0,0,"North",0
22,13,0,0.3222029395288,1,0,"North",0
41,14,0,0.0677187671464989,1,1,"North",0
36,8,0,0.273139942091453,0,0,"South",0
39,14,2,0.18914682519118,0,0,"West",0
11,8,0,0.258092962383519,0,0,"West",0
55,13,2,0.311820930063152,1,0,"South",0
10,13,0,0.259565387394731,0,0,"South",0
33,11,0,0.231651118732539,0,0,"North",0
26,7,1,0.591421847378629,0,0,"South",0
19,10,2,0.430202990233629,0,0,"North",0
19,14,1,0.0493932952359628,0,0,"South",0
12,10,1,0.292352756483534,0,0,"West",0
43,10,0,0.186448148248498,1,0,"West",0
25,7,2,0.516203105584758,0,0,"West",1
27,10,1,0.154863015451462,0,0,"West",0
27,12,0,0.41819326119514,0,1,"East",0
19,8,0,0.351237602177818,0,0,"South",0
10,10,1,0.609478888170433,0,0,"North",1
27,6,0,0.340300040115131,1,0,"South",0
1,16,1,0.238515042418659,0,0,"West",0
7,23,1,0.394101518653127,0,0,"South",0
11,10,1,0.116576439171108,0,1,"South",0
11,14,1,0.438654307417005,1,1,"South",0
25,20,2,0.217854905451323,1,0,"West",0
43,10,0,0.386589031427195,0,0,"East",0
6,10,0,0.334517185225716,1,0,"South",0
29,15,1,0.345965376813309,0,0,"East",0
35,7,2,0.161153202613409,0,1,"West",0
12,11,2,0.264260552038148,0,0,"North",0
23,9,0,0.205669143902389,0,0,"East",0
34,7,0,0.422084503339776,0,0,"North",0
21,14,0,0.413240721321745,1,0,"West",0
21,11,1,0.0996958810586616,1,0,"West",0
28,23,0,0.104744530049975,0,0,"West",0
23,0,0,0.290943259210111,0,0,"West",0
17,15,0,0.529986590250813,1,1,"East",1
22,8,2,0.648840453288853,0,0,"South",0
47,11,1,0.111690120200956,0,1,"North",0
34,7,0,0.307220881139894,1,0,"North",0
13,15,1,0.312738264049237,1,0,"North",0
9,19,0,0.263922346833152,0,0,"South",0
20,14,0,0.0971762983856729,0,1,"West",0
40,7,1,0.428866128359882,0,0,"East",0
28,20,0,0.0423299634026848,0,0,"North",0
16,11,1,0.445175770643871,0,0,"East",0
35,13,1,0.065678587365817,0,0,"West",0
22,12,2,0.22228579335518,0,0,"East",0
11,11,1,0.256918998134504,0,0,"South",0
30,12,1,0.168440084686876,0,0,"South",0
42,7,2,0.184324649379503,1,1,"North",0
29,18,1,0.390406867985527,0,0,"North",0
26,15,3,0.293186241383039,0,0,"West",0
16,12,1,0.180270759330503,0,1,"West",0
31,17,2,0.169671473472595,0,0,"South",0
11,6,0,0.452397349383369,0,0,"East",0
4,17,2,0.201055558215734,0,0,"South",0
23,13,2,0.0682984491369757,0,0,"North",0
24,15,0,0.294669461956017,0,0,"North",0
52,10,0,0.388117268009708,0,0,"East",0
9,8,0,0.42878827422735,0,0,"West",0
26,9,1,0.250937195191623,0,0,"North",0
34,17,0,0.606419751640153,0,0,"West",0
37,17,0,0.460416957970578,0,0,"West",0
24,20,2,0.360923005711345,0,0,"West",0
15,12,1,0.253646487426832,1,0,"South",0
23,8,1,0.485975013637887,1,1,"West",1
47,19,0,0.332507663212508,0,0,"West",0
30,4,1,0.374615955987481,1,0,"South",0
1,11,0,0.0940350981888111,1,0,"North",0
41,15,0,0.179917805064226,0,0,"South",0
30,6,2,0.161997530896615,0,0,"West",0
24,4,1,0.135202662986501,0,1,"North",0
24,14,0,0.297439923146398,0,1,"East",1
22,20,0,0.19915217417045,0,0,"West",0
27,8,1,0.443979400296788,0,0,"West",0
18,9,1,0.167182286252227,0,0,"East",0
27,7,0,0.376514657088222,1,1,"North",0
13,19,0,0.353751796242431,0,0,"West",0
26,8,0,0.132798547374993,0,0,"South",0
37,8,0,0.34025289866502,0,0,"West",0
30,8,0,0.116812696021706,0,1,"West",0
36,9,0,0.0473461639377014,0,0,"West",0
11,9,2,0.260855663311815,0,0,"West",0
25,15,0,0.223012490956334,0,0,"North",1
31,14,2,0.161359388460722,0,0,"North",0
11,14,0,0.0997944407601176,0,1,"West",0
43,9,0,0.270203262515612,0,0,"North",0
12,16,0,0.0764960187887756,0,0,"North",1
26,0,1,0.176295963653028,1,0,"South",0
26,18,0,0.26551198064446,0,0,"North",0
25,13,0,0.191257615149553,1,1,"South",0
21,10,0,0.335251192785757,0,0,"West",0
29,14,0,0.311181319526409,0,0,"South",0
12,6,0,0.72041805987094,1,0,"North",0
9,9,0,0.225940783982134,0,0,"West",0
16,13,1,0.288152051005678,0,0,"East",0
23,4,0,0.129238079950502,1,0,"East",0
39,12,0,0.166485969299882,0,0,"North",0
43,12,0,0.0770712594678542,0,0,"West",0
28,11,0,0.436179899138337,0,0,"East",0
29,6,0,0.241925098092236,0,0,"South",0
21,18,0,0.413081323284767,0,0,"West",0
25,5,0,0.244886885557535,1,1,"West",0
7,5,1,0.0755955418852043,0,0,"East",0
27,9,0,0.117143919054127,0,0,"West",0
18,20,0,0.460279112555823,1,0,"South",0
28,13,2,0.15532672032012,0,0,"South",1
20,13,1,0.0791310443516402,0,0,"East",0
16,11,0,0.0624744729482723,0,0,"North",0
21,13,1,0.180384612603256,0,1,"East",1
20,15,1,0.360548011761626,0,0,"West",0
37,16,1,0.220736662414793,1,0,"East",0
27,19,0,0.190244958594437,0,0,"West",0
29,8,0,0.272439817451261,1,0,"North",0
9,11,1,0.302040194635638,0,0,"South",0
42,14,1,0.298962904115535,0,0,"South",0
26,16,3,0.2600812012475,0,0,"South",0
14,10,0,0.216765296656277,0,0,"South",0
28,15,1,0.123586520627928,0,0,"North",0
34,9,1,0.260998929589142,0,0,"North",0
7,10,0,0.0857318574429267,0,0,"South",0
44,17,2,0.662576990895697,0,0,"South",0
22,3,0,0.328664743836753,0,0,"South",0
37,13,1,0.0419147824770576,0,0,"West",0
25,17,0,0.09365752038061,0,0,"North",0
20,10,1,0.448696965542951,1,1,"South",0
2,15,1,0.0241723627072202,0,0,"North",0
11,8,0,0.444443057915009,0,0,"West",0
24,13,0,0.350658608894456,0,0,"West",0
34,12,0,0.162137703019463,0,1,"West",0
1,12,1,0.182693630570105,0,0,"East",0
41,6,3,0.0909909664352137,0,0,"West",0
41,11,0,0.103223919739734,0,0,"East",0
10,8,1,0.215751893690217,0,0,"North",0
30,10,0,0.0751977082053207,0,0,"East",0
12,17,1,0.229747629220056,0,0,"North",0
22,9,0,0.185177424472168,0,0,"West",0
35,12,2,0.317680017430877,1,1,"West",0
34,13,0,0.39847138083729,0,0,"South",0
14,11,0,0.340804801715189,0,0,"East",0
19,16,0,0.426170914540536,1,0,"East",0
12,12,0,0.319152811921086,0,0,"North",0
28,13,0,0.173365066077055,1,0,"North",0
5,8,0,0.24078399396492,0,0,"North",0
1,10,0,0.632024275473525,0,0,"West",0
42,9,0,0.38726034428403,1,1,"North",0
51,14,0,0.119288662537842,0,0,"East",0
19,18,0,0.357071459457674,1,0,"South",0
33,10,0,0.591903241614707,0,0,"North",0
24,1,1,0.112488356331505,0,0,"North",0
42,8,1,0.562035571597253,1,0,"South",1
31,7,0,0.0691232049372491,1,0,"North",0
26,18,0,0.246404805175008,0,1,"South",0
2,13,0,0.292874311875918,0,0,"West",0
37,20,0,0.262745460265346,0,1,"West",1
20,14,0,0.152342052040201,0,0,"South",0
7,4,0,0.361833968946367,0,0,"East",0
22,14,0,0.197015348810921,0,0,"East",0
22,8,1,0.0952314181078492,0,0,"East",0
37,12,0,0.353160476484127,0,0,"North",0
10,11,1,0.21253898187896,1,1,"East",0
17,11,1,0.454109879226173,0,0,"East",0
42,10,0,0.529518132556386,1,0,"South",0
40,22,0,0.768216202267106,1,1,"West",0
38,20,0,0.287037097151605,0,0,"West",0
44,8,1,0.319180184239685,1,0,"South",0
26,13,1,0.2123634438678,0,0,"West",0
17,18,0,0.163210255176455,0,1,"North",0
31,18,1,0.0212853487072672,1,0,"South",0
37,8,1,0.100958075392934,0,0,"East",1
53,19,1,0.431910120647074,1,0,"North",0
1,8,0,0.0824700135174981,0,0,"West",1
27,13,1,0.460431150531424,1,0,"North",0
32,13,0,0.206296853786371,0,0,"West",0
23,2,0,0.472280146480458,0,0,"South",0
5,11,2,0.73974042393937,0,0,"South",0
33,1,0,0.129478487151968,0,0,"South",0
15,2,0,0.0331977009008518,0,0,"North",0
30,14,0,0.229340559222683,1,0,"North",0
35,14,1,0.445797296230301,0,0,"East",0
39,17,1,0.515647049541177,0,0,"South",0
5,14,0,0.39455536063323,1,0,"North",0
37,9,0,0.259611399221537,0,0,"East",0
15,8,1,0.518183564329753,0,0,"South",0
9,16,0,0.214406213828906,0,0,"West",0
40,19,1,0.322520757846738,1,0,"West",0
38,16,0,0.476171038422063,0,0,"West",0
21,13,1,0.386942233188028,0,1,"North",0
33,12,0,0.280697576352515,0,0,"West",0
14,20,1,0.325892451956453,0,1,"North",0
22,0,0,0.392418259789058,0,0,"North",0
23,17,3,0.180994689703963,0,0,"West",0
21,11,2,0.23720112736417,0,0,"South",0
33,6,1,0.47348464632084,0,0,"South",0
42,16,0,0.207961913631949,0,0,"South",1
19,7,0,0.431030296269129,0,0,"North",0
24,14,1,0.11097878742522,0,0,"South",0
44,13,0,0.504425081185697,0,0,"North",0
20,13,1,0.202405386663365,1,0,"West",0
1,3,0,0.0652961093116962,0,0,"North",0
30,13,2,0.351164418812652,0,0,"North",0
13,10,1,0.337739687019252,1,0,"East",0
12,8,0,0.0676708869900774,0,1,"West",0
41,6,1,0.421799052472154,0,0,"East",0
53,6,0,0.035594442066447,0,1,"West",0
12,8,0,0.155158582502601,0,0,"South",0
36,18,0,0.713996797603695,0,0,"South",0
23,15,0,0.307824955710456,0,0,"West",1
26,13,0,0.302992959931585,0,0,"East",0
39,21,0,0.116238233462555,0,0,"South",0
27,20,0,0.294174100701493,0,0,"South",0
14,17,1,0.312102020953592,0,0,"West",0
18,6,0,0.386657204010256,0,0,"North",0
32,19,0,0.22822618759863,0,0,"North",0
1,11,0,0.255877954985563,0,0,"West",0
37,11,1,0.197196992723761,1,0,"South",0
5,13,1,0.311773117727035,0,0,"East",0
24,12,0,0.1717146642821,1,1,"West",0
22,10,0,0.423714926615407,0,0,"East",0
40,15,0,0.129953352794792,0,0,"West",0
26,10,0,0.0900219880770452,0,0,"South",0
25,9,0,0.268587870940852,1,0,"East",0
32,11,0,0.202162439303267,0,0,"West",0
14,8,0,0.385263510815809,0,0,"South",0
22,13,1,0.0698738511953753,1,0,"South",0
38,12,1,0.341439468129731,0,0,"West",0
32,11,0,0.52367577279631,0,0,"North",0
9,14,0,0.137915420031479,0,0,"South",0
32,3,1,0.468355362248956,0,0,"West",0
7,13,1,0.481937169980742,0,0,"West",0
17,17,0,0.419916338105193,1,0,"North",0
39,16,1,0.112757120381191,0,0,"East",0
1,23,1,0.226573217135963,1,0,"West",0
3,9,2,0.355772075342196,1,0,"South",0
40,7,0,0.077728630487036,0,0,"South",1
14,14,0,0.144157167448084,0,0,"West",0
39,4,0,0.39360448019185,0,1,"East",0
22,18,0,0.55030605390598,0,0,"West",0
29,7,1,0.356399926959518,0,0,"South",0
34,14,2,0.195677188186641,1,0,"East",0
16,10,2,0.174214382507369,0,1,"South",0
20,0,0,0.221896330310529,1,0,"West",0
19,13,0,0.446083185412046,0,0,"North",0
58,6,0,0.109240534387793,1,0,"North",0
26,17,0,0.123751291585906,0,0,"North",0
30,0,0,0.211563956605829,0,1,"East",0
20,11,0,0.363571345339723,0,0,"South",0
21,7,0,0.28742574262057,0,0,"South",0
41,18,1,0.390488178059913,0,0,"West",0
20,8,0,0.266203935042025,0,0,"South",1
24,17,2,0.360226801518883,0,0,"East",0
29,10,0,0.0776681625096838,0,1,"East",0
19,13,1,0.297150304036018,0,0,"North",0
48,19,0,0.245810861294552,1,0,"South",0
7,9,1,0.250007625565234,0,0,"West",1
48,21,1,0.176202750580878,0,0,"West",0
20,17,1,0.735586635014195,0,0,"North",0
40,18,1,0.145041993493796,0,0,"East",0
1,1,0,0.232370921097912,0,0,"West",0
35,11,2,0.145375648107195,0,0,"North",0
35,5,0,0.233398901501435,1,1,"West",0
9,16,0,0.390768080707546,0,0,"West",0
15,18,1,0.0265808909604417,0,1,"West",0
26,9,1,0.250065699705069,0,0,"North",0
38,9,1,0.229958763902971,0,0,"South",1
15,4,2,0.107581583692143,0,0,"South",0
21,16,0,0.253959591634976,0,0,"East",0
43,19,0,0.342892167774923,0,0,"West",0
10,4,2,0.340429006226128,0,0,"West",0
35,3,1,0.194597191331609,0,0,"North",1
29,18,1,0.223919992729236,1,0,"West",1
11,19,0,0.0639665738221924,0,0,"South",0
16,14,2,0.187092376082118,0,0,"North",0
33,13,1,0.518339355540078,0,1,"North",0
27,9,1,0.157075519352179,0,0,"South",1
41,14,0,0.272237519742239,0,0,"East",0
17,10,0,0.211960677170209,0,1,"West",0
3,22,0,0.166706932323338,0,0,"South",0
37,10,0,0.620619004827159,0,0,"West",1
17,0,1,0.0459707513111375,0,0,"North",0
25,14,0,0.281522794393264,0,0,"East",0
45,6,0,0.252416714973884,0,1,"West",0
21,16,0,0.653444506436871,0,0,"North",0
43,4,0,0.27389710659751,0,0,"South",0
11,11,0,0.539241270230668,0,1,"South",0
35,14,0,0.335883635699506,0,0,"North",0
27,11,0,0.145519827591304,1,0,"North",0
15,2,0,0.36870420321563,1,0,"South",0
9,5,1,0.112046166037086,0,0,"East",0
25,8,0,0.102816493272905,0,0,"West",0
27,20,0,0.59030431562031,0,0,"North",0
27,11,1,0.330334431415645,0,0,"North",0
30,18,0,0.0652575655816391,0,0,"North",0
18,13,0,0.177648689427973,0,1,"South",0
18,10,0,0.424568430529667,0,0,"West",0
27,18,0,0.345305285142877,0,0,"North",0
18,6,1,0.204209598873206,0,0,"West",1
39,19,0,0.13109222015821,0,0,"East",0
26,17,2,0.234663171140018,0,1,"East",0
17,14,1,0.503680857460511,0,0,"North",1
2,15,1,0.184606276556817,0,0,"East",0
16,13,0,0.518601757510135,0,0,"South",0
49,10,2,0.436056794077171,1,0,"East",0
17,10,3,0.23605798050758,0,1,"West",0
14,9,0,0.0480680673702891,1,0,"North",1
32,18,0,0.146978534843569,0,0,"North",0
29,15,0,0.435946155496762,0,0,"West",1
33,11,1,0.126064327212232,1,0,"West",0
21,6,1,0.335777534330905,0,0,"North",0
37,14,2,0.213154885534586,1,0,"East",0
10,7,1,0.185224504886341,0,0,"East",0
23,8,0,0.112927245121856,0,0,"South",1
16,22,1,0.155107946864576,1,0,"South",0
32,5,1,0.433457853314112,0,0,"West",0
26,8,0,0.104152837663717,0,0,"West",0
37,9,0,0.163562360694126,0,0,"South",0
49,9,0,0.201274422503609,0,0,"South",0
26,6,0,0.152218728240674,0,0,"South",0
18,11,1,0.201846590826542,1,0,"South",0
14,7,1,0.363061948307239,0,0,"East",0
21,19,0,0.230817883706225,0,0,"North",0
23,13,1,0.0817756791080079,1,0,"South",0
48,16,1,0.26251205507938,0,0,"North",0
10,5,0,0.448511220576614,0,1,"East",0
11,12,0,0.110192657282833,0,0,"North",0
19,15,2,0.197528211138048,0,0,"North",0
31,12,0,0.378789021236198,0,0,"East",0
34,12,0,0.0822219748215314,0,0,"North",0
13,7,2,0.0361542760472951,0,0,"East",0
26,9,0,0.230558847189329,0,1,"North",0
23,10,0,0.150973343970044,0,0,"North",0
38,8,1,0.082976327902134,0,0,"North",0
37,16,1,0.261590939546358,0,0,"East",0
20,21,0,0.426769865741185,0,0,"West",0
25,19,0,0.232070681403828,0,0,"West",0
32,14,1,0.0391934387026647,0,1,"North",1
4,11,0,0.273700750578777,0,0,"West",0
20,15,1,0.359873024189557,0,0,"West",0
31,8,3,0.243321688580715,1,0,"West",0
18,13,1,0.311999348308213,0,0,"North",0
23,13,0,0.141343100416583,0,0,"West",0
24,0,0,0.165229570632998,0,0,"West",0
15,21,1,0.258939641701749,0,0,"East",0
12,5,1,0.621455327460846,0,0,"South",0
22,0,1,0.086101268957495,0,0,"South",0
20,12,0,0.15235464390123,0,0,"West",0
34,13,0,0.277000247358073,0,0,"North",0
42,12,1,0.0976685697736643,0,0,"South",0
24,13,1,0.087186314592536,0,0,"East",0
29,6,0,0.230954242188314,0,0,"West",0
23,15,0,0.19555969319715,1,0,"South",0
31,19,2,0.213468879192025,1,0,"North",0
27,8,1,0.0745392264767977,0,0,"South",0
27,14,2,0.197192041352145,0,0,"North",0
37,11,0,0.132569937449881,0,0,"East",0
12,12,2,0.407177460428489,1,0,"West",1
41,17,0,0.172524231788347,0,0,"North",0
28,13,2,0.54831294395012,0,0,"South",0
26,22,1,0.175684789023117,0,0,"South",0
17,10,3,0.282457559147172,0,0,"East",0
22,19,0,0.40767050767196,0,0,"North",0
28,10,1,0.222882555848722,0,0,"West",0
1,11,0,0.162440118347301,1,0,"West",0
17,10,0,0.246190297214189,1,0,"North",0
31,13,1,0.0456775180519057,0,0,"East",0
20,14,0,0.246320240584926,0,0,"West",0
14,13,1,0.191666391213641,0,0,"East",0
16,15,1,0.29017625560302,0,0,"West",0
27,8,2,0.062787499994753,0,0,"East",0
4,11,0,0.427812056316441,0,0,"West",0
34,15,4,0.273083536278173,0,0,"West",0
1,17,1,0.115499940129031,0,0,"North",0
18,14,0,0.608055378742603,1,0,"North",0
15,16,1,0.258285920742549,0,0,"West",0
9,16,2,0.0548957188053338,0,0,"South",0
11,15,0,0.686357528096843,1,0,"East",0
27,11,1,0.182842376937697,0,0,"East",0
23,11,1,0.326372537933513,1,0,"West",0
20,15,0,0.706557869050329,0,1,"West",0
1,10,0,0.435284490476352,1,0,"East",0
8,11,0,0.29818779645602,0,0,"South",0
22,12,1,0.342036877083807,0,1,"East",0
13,4,0,0.19226076476975,1,0,"East",0
14,14,1,0.500390740808241,0,0,"East",0
37,15,1,0.175517944599143,0,0,"East",1
26,12,0,0.189528531547204,0,0,"East",0
11,21,1,0.405577770826335,0,0,"East",0
18,11,0,0.131025555720402,0,0,"East",0
21,15,0,0.452016893020165,0,1,"North",0
16,15,2,0.12774768326275,1,0,"East",0
12,16,0,0.219956501399674,1,0,"West",0
23,14,0,0.38035135676369,0,0,"South",0
33,11,0,0.0741847598633238,0,1,"North",0
27,15,1,0.452446482571797,0,0,"North",0
22,13,1,0.149446248590051,0,0,"North",0
29,13,0,0.202534412540824,0,0,"South",0
34,16,2,0.368810323807337,0,0,"West",0
22,16,3,0.542077407971723,0,0,"South",0
29,12,0,0.198776206887104,0,0,"West",0
10,10,1,0.31191803222757,1,0,"East",0
21,19,0,0.0314441944926055,0,0,"West",0
19,12,0,0.0443489811026094,0,0,"West",0
26,10,2,0.149648823191208,0,0,"West",0
28,7,1,0.536262922301693,0,0,"West",0
23,13,0,0.132248948660556,0,0,"West",0
15,14,0,0.127970288284094,0,0,"North",0
13,6,0,0.230454209880708,0,0,"South",0
27,5,1,0.113161197304671,0,0,"North",0
40,13,1,0.420178898985183,0,0,"West",0
15,8,0,0.328092381955187,0,1,"South",0
19,19,3,0.446156348112271,0,0,"West",0
28,6,0,0.132814901316438,1,0,"East",0
17,4,0,0.267556901270228,0,0,"West",0
25,12,1,0.287611451133347,0,0,"North",0
23,14,0,0.376080445450813,1,0,"East",0
15,13,2,0.310381380422343,0,1,"North",0
34,11,0,0.159931310622009,0,0,"North",0
34,14,1,0.456861141151157,0,0,"North",0
36,8,0,0.365067752254236,0,0,"East",0
39,13,1,0.262363171920145,0,0,"East",0
18,8,0,0.207209811543659,0,0,"West",0
18,8,1,0.470505907746374,0,0,"East",0
27,13,1,0.740436963157863,1,0,"South",0
32,14,0,0.201095637106701,0,0,"North",0
20,8,0,0.264240905453591,0,0,"West",0
19,4,1,0.19949666644473,0,0,"South",0
17,7,0,0.322495222972592,0,1,"East",0
42,2,0,0.223071400045587,0,0,"North",0
1,13,1,0.220769183219049,0,0,"South",0
22,15,1,0.204606204406336,0,0,"South",1
24,21,1,0.262897524360646,1,0,"West",0
11,8,1,0.249322708956886,0,0,"North",1
29,10,1,0.444343601116198,0,1,"East",0
1,11,0,0.406052572055919,0,1,"East",0
35,13,0,0.170471001174897,0,0,"East",1
4,8,0,0.206336991849232,0,0,"South",0
1,17,0,0.513852856343861,0,0,"North",0
15,10,0,0.281581043360946,0,0,"West",0
26,17,0,0.397413969065366,1,0,"West",0
16,4,1,0.270141557952747,0,0,"West",0
17,11,0,0.205067483047271,0,0,"South",0
28,14,0,0.438966811302974,0,0,"West",0
11,10,1,0.287136319442325,0,0,"North",0
23,10,0,0.00278877790630725,0,0,"South",0
30,9,1,0.129679527891059,1,0,"East",0
44,13,1,0.24214336587477,0,0,"West",0
30,18,0,0.0675373452638936,0,0,"North",0
45,7,0,0.354068124888166,0,0,"South",0
29,12,0,0.181922873296075,1,0,"West",0
24,10,0,0.447371053303035,0,0,"West",0
1,19,0,0.0484710758085058,0,0,"South",0
9,22,1,0.413271940606014,1,0,"North",0
20,15,0,0.521948954278862,0,0,"South",0
33,12,0,0.167433842416539,0,0,"North",0
20,19,0,0.133655323244287,0,1,"South",0
31,10,0,0.0409819569188239,0,0,"South",0
11,12,0,0.519368781124875,0,0,"East",0
21,17,0,0.262774989931815,1,0,"North",0
27,13,0,0.559675142661795,0,0,"North",0
20,10,1,0.594302101763655,0,0,"North",0
25,13,1,0.306613804609989,0,0,"South",1
16,10,0,0.293897037262204,0,0,"East",0
28,21,1,0.203762896473879,0,1,"South",1
23,10,0,0.103425075574105,0,1,"East",1
23,17,0,0.179759318157347,0,0,"West",0
1,12,0,0.0744415303463784,0,0,"North",0
16,19,0,0.222580806937224,0,0,"West",1
6,17,0,0.144737152037944,0,0,"North",0
5,9,0,0.125161261018884,1,0,"West",0
18,13,2,0.287776398533001,0,0,"West",0
22,11,0,0.411923850968303,1,0,"North",0
27,15,0,0.0318265020017752,0,0,"North",0
37,12,2,0.307029558704112,0,1,"South",0
29,14,0,0.0494249468140818,0,0,"South",0
36,11,1,0.391049149892371,0,1,"West",0
18,17,1,0.454725378458523,1,0,"East",0
20,14,0,0.207141197036151,0,1,"West",0
37,5,1,0.189313396155953,0,0,"East",0
24,12,1,0.621951498858425,0,0,"North",0
4,10,2,0.113572962707809,0,0,"West",0
14,18,0,0.352338456919149,0,0,"South",0
36,6,0,0.395598864743734,0,0,"South",0
17,2,2,0.458415809278252,0,0,"West",0
28,14,0,0.262489210704092,0,0,"West",0
24,17,0,0.318839295130705,0,1,"East",0
18,14,0,0.127535378123432,0,0,"East",0
20,19,2,0.512971473174199,0,0,"North",0
29,17,1,0.181077612917029,0,0,"West",1
27,7,0,0.121441313444783,0,0,"East",0
39,17,2,0.217237437344133,0,0,"North",0
22,9,0,0.15636936733835,0,0,"West",0
13,18,0,0.551904570000672,0,0,"North",0
26,17,0,0.172698230267467,0,0,"West",0
32,12,0,0.25320599174514,0,0,"South",0
51,17,1,0.50922642921258,0,0,"West",0
18,11,0,0.184398613607737,0,0,"North",0
20,17,0,0.333362601451923,0,0,"West",0
35,0,2,0.566878924962453,0,1,"North",0
39,7,0,0.638231034723691,0,0,"East",0
16,13,0,0.240990975329343,0,0,"North",0
32,9,0,0.0639704224097376,0,0,"South",0
17,0,2,0.229211302988864,0,0,"West",0
12,8,2,0.233257720371337,1,0,"East",0
31,20,0,0.279628762531755,0,0,"West",0
25,6,1,0.554745884425994,0,0,"West",0
29,13,0,0.123791467719654,0,0,"West",0
17,10,1,0.0614680330419906,0,0,"South",0
46,12,0,0.467567157745868,1,1,"West",0
32,11,0,0.280051087397235,0,0,"South",0
20,11,1,0.363159306371442,0,0,"East",0
32,11,0,0.0883252988459048,0,0,"South",0
9,1,0,0.163928078469651,0,1,"South",0
22,12,0,0.243292534981453,0,0,"South",0
41,13,0,0.293002574019451,0,0,"North",0
22,14,0,0.184456124143213,0,0,"West",1
35,19,2,0.215472227815659,0,1,"North",0
21,12,0,0.268039109248391,1,0,"South",0
1,13,0,0.0797090599683858,0,0,"South",1
13,5,1,0.284238812486175,0,0,"North",0
27,12,1,0.335092818933363,0,0,"North",0
41,4,0,0.110414786562602,0,0,"North",0
17,22,2,0.0749299081322927,0,0,"South",0
27,10,1,0.198964949612388,0,0,"North",0
12,14,0,0.38568065969405,0,0,"West",0
12,14,2,0.192384952936201,0,0,"South",0
15,5,0,0.215722558425039,0,0,"North",0
40,14,0,0.388846387135508,0,0,"East",0
35,7,0,0.461122334469284,0,0,"West",0
31,14,1,0.189340980687512,0,0,"North",1
37,9,0,0.174352702424107,0,0,"South",0
19,9,1,0.547959176616581,0,0,"South",0
33,14,0,0.331861047678439,0,0,"North",0
27,14,0,0.0953439452566819,0,0,"East",0
11,11,1,0.481441830705696,0,0,"South",0
14,8,1,0.15782224762684,0,0,"West",0
25,13,0,0.253723135003305,0,1,"West",1
26,12,0,0.633313484159128,1,0,"North",0
20,17,0,0.0605955483690762,0,0,"North",0
12,9,0,0.46007921903978,0,0,"East",0
1,11,1,0.348612489840784,1,0,"North",0
29,23,0,0.343438401034022,0,0,"North",0
20,6,0,0.341649468096048,0,0,"North",0
31,14,2,0.228511099770181,1,0,"West",0
5,14,2,0.317511997323694,0,0,"West",0
9,10,1,0.222326434895645,1,0,"South",0
23,8,0,0.338448910300684,0,0,"South",0
7,5,1,0.176891514042337,0,0,"West",0
1,5,0,0.35347330907594,0,1,"West",0
33,11,0,0.131553004414715,0,0,"West",0
35,18,0,0.199316126039274,0,0,"South",0
12,12,1,0.185156854982844,0,0,"North",0
21,20,1,0.577435204694069,1,1,"South",0
10,9,0,0.223106414432979,0,0,"West",0
28,15,1,0.525434154794907,0,0,"South",0
24,13,0,0.274774969199801,1,0,"West",0
14,14,1,0.173123892670653,0,0,"North",0
15,13,0,0.483637943790061,0,0,"South",0
11,16,0,0.172521525400782,0,0,"North",0
29,12,0,0.198913061443008,1,0,"South",0
31,17,0,0.199342114069704,1,0,"East",0
29,14,0,0.517264417969218,0,0,"North",0
14,12,0,0.0863588148422655,0,0,"West",0
3,11,2,0.141946700573206,0,0,"North",1
30,6,0,0.120008280681897,0,0,"East",0
22,9,0,0.0932236014685634,0,0,"North",0
24,11,1,0.324187947703532,0,0,"South",0
36,17,0,0.316547509307024,0,0,"South",0
13,16,0,0.216200532032117,0,0,"East",0
38,8,2,0.193936191827617,0,0,"West",1
19,10,0,0.430016161684156,1,0,"South",0
15,21,1,0.0352298405544831,0,0,"North",0
22,5,0,0.30819348116783,1,0,"West",0
29,13,0,0.489135533117216,1,0,"East",0
22,13,0,0.269679878776132,0,0,"South",0
13,9,0,0.291130967134324,0,1,"West",0
21,5,1,0.231334127393844,0,0,"North",0
1,10,1,0.185639765380382,0,1,"West",0
18,25,0,0.531717641529735,0,0,"South",0
29,11,0,0.303332504757608,0,0,"North",0
22,11,0,0.0994799645056203,0,0,"West",0
32,13,0,0.376325970288573,0,0,"South",0
30,6,1,0.137747492542431,0,0,"West",0
32,16,0,0.0294709970728005,0,1,"South",0
32,16,1,0.262134903370434,0,0,"North",0
3,10,0,0.26602292307196,0,0,"South",0
24,12,2,0.386670354178646,0,0,"North",0
44,9,0,0.504920080110044,0,0,"West",0
18,15,0,0.154944529854971,0,0,"South",0
29,4,0,0.4137957692108,0,0,"East",0
26,11,0,0.301367128540148,1,0,"West",0
31,15,1,0.213316352289638,0,1,"South",0
21,20,1,0.168508094038257,1,0,"East",0
16,7,0,0.308633670365372,0,1,"South",0
25,6,0,0.44179265766226,0,0,"South",0
26,11,0,0.173158034613828,0,0,"South",0
22,12,1,0.200308273235612,0,0,"West",1
24,16,1,0.315589152869512,0,0,"West",0
29,11,1,0.279494388265524,0,0,"West",1
15,9,1,0.198198390343857,1,0,"East",0
38,21,0,0.12583025372097,0,0,"South",0
50,10,0,0.398321975091831,0,0,"West",0
42,16,2,0.236910316473302,1,0,"East",0
19,16,2,0.433214738063838,0,0,"East",0
2,10,1,0.50227112269821,0,0,"South",0
25,20,1,0.133602131546371,1,0,"East",0
35,6,0,0.545538656366793,0,1,"South",0
33,7,1,0.161440930995075,0,0,"West",0
9,18,0,0.250180265703601,1,0,"North",0
11,4,0,0.218577412442944,0,1,"North",0
26,15,1,0.0321101460937843,1,0,"West",0
32,13,0,0.218895801505934,1,0,"North",0
34,16,0,0.0336057881082261,0,1,"North",0
34,16,0,0.0725679987752891,0,0,"West",0
12,9,0,0.327914533052518,1,0,"West",0
8,9,1,0.35821071733839,0,0,"South",0
1,16,0,0.44365812864356,0,0,"North",0
30,16,0,0.17004138341707,0,0,"North",0
34,6,0,0.396861784439308,0,0,"North",1
28,6,0,0.571271523223942,0,0,"West",0
11,7,3,0.201809582600848,1,0,"North",1
43,12,1,0.413712880175852,0,0,"West",0
20,12,0,0.0587155556359619,0,0,"South",0
45,24,1,0.214514804969386,0,0,"East",0
31,15,1,0.284005929045749,0,0,"South",0
38,11,0,0.400021541730162,0,1,"South",0
28,9,0,0.132955329393699,0,1,"North",0
23,9,2,0.236522136082467,0,0,"West",0
12,9,0,0.310108288075845,0,0,"West",0
17,7,0,0.502909165043242,0,0,"East",0
23,13,2,0.473380365275326,0,0,"North",0
27,0,0,0.253609259185161,0,0,"East",0
24,6,0,0.348348248622748,0,0,"South",0
22,17,1,0.34756192167844,0,1,"North",0
26,13,0,0.152830437017184,0,0,"North",0
18,15,1,0.883598460614119,0,0,"East",0
18,9,0,0.329858092106108,0,0,"West",0
7,19,0,0.392862092258195,0,0,"West",0
34,11,0,0.0878925235545576,0,1,"North",0
25,15,1,0.240366491938523,0,0,"West",0
23,12,0,0.251015502508442,0,1,"South",0
15,14,0,0.476512716995514,0,1,"West",0
21,10,0,0.395306375316958,0,0,"North",0
11,18,1,0.246094119190558,1,0,"West",0
11,9,1,0.393149141657766,1,0,"North",0
1,26,0,0.368775111664292,0,0,"West",1
36,11,0,0.541713857436602,0,0,"North",0
26,13,0,0.567793157329599,0,0,"East",0
11,9,2,0.398809709608179,0,0,"South",0
38,16,1,0.106787223992032,0,0,"East",0
31,13,0,0.227262078097485,0,0,"South",0
33,15,1,0.217356083323685,1,0,"North",0
21,16,0,0.244885386779378,0,0,"West",0
19,8,0,0.171807995120726,0,0,"North",0
23,16,0,0.798956145958745,0,0,"South",0
29,6,1,0.263283387111772,0,0,"North",0
34,13,1,0.400143002319732,0,1,"West",0
43,17,0,0.107954282537121,0,0,"East",0
18,4,1,0.4186652883134,0,0,"East",1
12,10,1,0.185155969478304,0,0,"West",0
25,10,0,0.257454112086605,0,0,"South",0
60,2,1,0.145359227102055,0,0,"North",0
19,11,0,0.0309001761714404,0,0,"West",0
38,19,0,0.0814034968940041,0,1,"West",0
21,5,2,0.486055771022165,0,0,"South",0
18,7,0,0.0861211802584034,0,0,"North",0
15,10,1,0.179757974840083,0,0,"North",0
21,12,0,0.12993771455062,0,0,"North",0
44,13,1,0.257338130845478,0,0,"North",0
28,13,0,0.420796380039125,0,0,"North",0
30,11,0,0.222041179755627,1,0,"East",0
34,24,0,0.129477456966198,0,0,"South",0
49,10,0,0.420886721360243,0,0,"North",0
33,5,0,0.309356316069689,0,0,"West",1
7,4,0,0.653574782762188,0,0,"North",1
12,11,1,0.268357005007889,0,0,"West",0
5,9,1,0.53175862086838,0,0,"West",0
1,17,1,0.214757971638078,1,0,"East",0
39,11,0,0.511473884341569,0,0,"East",0
18,12,1,0.307233507509842,0,0,"South",0
29,4,0,0.189616424723592,0,0,"West",0
38,11,1,0.300225267197676,0,0,"East",0
18,11,1,0.336714655960728,0,0,"South",0
22,5,0,0.536323969739869,0,0,"West",0
28,7,1,0.208330331875071,0,0,"North",0
27,8,0,0.278302572551701,0,0,"West",0
15,16,0,0.46528719426515,0,1,"South",0
33,15,0,0.0722500406314661,0,0,"South",0
31,15,0,0.330915156424866,1,0,"East",0
21,19,1,0.33773266430461,0,0,"West",0
9,10,1,0.579724481684804,0,0,"North",0
32,18,0,0.430926229747478,0,1,"South",1
41,11,0,0.467674436319868,0,0,"West",0
41,18,1,0.374541150910809,0,0,"South",0
34,6,0,0.497409962980885,1,0,"North",0
18,9,1,0.312512326643471,0,0,"East",0
18,17,1,0.513989202715641,0,0,"East",0
17,20,1,0.0954674841431573,0,0,"North",1
19,12,0,0.270768413172589,0,0,"West",0
33,10,1,0.215391258508425,0,1,"North",0
27,15,2,0.149168104337124,0,1,"West",0
2,11,0,0.151773186987559,1,0,"West",0
2,12,0,0.175134438484585,0,0,"West",0
24,13,0,0.173751686040932,0,0,"North",0
26,17,0,0.507257917435694,0,0,"West",0
1,7,0,0.442973958674034,0,0,"East",0
14,10,0,0.270618862476975,0,0,"East",0
24,15,0,0.288471403686936,0,0,"North",0
42,1,2,0.0875898790137129,0,0,"North",0
1,18,1,0.324008901726649,0,0,"West",0
9,9,0,0.435527667399652,1,1,"North",0
11,7,0,0.341070047386783,0,0,"West",0
26,13,1,0.204203306267033,0,0,"West",0
28,23,0,0.387308564844355,0,0,"North",0
20,9,0,0.24868395189203,0,0,"West",0
5,5,1,0.177856188617045,0,0,"West",0
16,11,0,0.283782628925087,1,0,"West",0
17,18,2,0.323784824492381,0,0,"South",0
22,11,1,0.291198625174639,0,0,"East",0
43,15,0,0.508902304700835,1,0,"North",0
16,18,1,0.4857011776262,1,0,"West",0
25,3,1,0.170067592119552,0,0,"East",0
16,15,2,0.500889931071765,0,0,"South",0
9,9,0,0.296519603872606,0,0,"South",0
32,12,0,0.362887580491737,0,0,"East",0
11,23,0,0.204366979834066,0,0,"South",0
57,13,0,0.327144643331762,0,0,"North",0
25,16,0,0.187254224468344,1,0,"East",0
25,7,1,0.225349186010658,0,0,"East",0
23,14,1,0.727875834385491,1,0,"West",0
46,11,0,0.646715890250502,0,0,"West",1
32,11,1,0.208573232094487,1,0,"North",0
21,15,0,0.197113130735949,0,0,"South",0
10,4,1,0.283293571610376,0,0,"West",0
12,19,0,0.358476594150409,0,1,"West",0
15,23,1,0.273231272007653,0,0,"West",1
39,10,3,0.580484597936605,1,0,"North",0
22,15,0,0.348224391252341,1,1,"North",0
15,22,0,0.240082359241943,1,0,"North",0
34,8,1,0.491943595935606,1,0,"West",0
40,12,1,0.514022891540761,0,0,"East",0
16,24,0,0.397964066050591,0,0,"North",0
19,7,1,0.210269999292717,0,0,"North",0
28,17,1,0.247961448925633,0,0,"South",0
24,14,0,0.205038209699737,1,0,"East",0
29,10,1,0.50485909926452,0,0,"East",0
45,14,1,0.278687535408849,0,0,"South",0
23,10,0,0.239825955962339,0,0,"West",0
21,16,0,0.312843035999333,0,0,"North",0
30,9,2,0.255027141618029,0,0,"West",0
23,3,0,0.109541745204181,0,0,"South",0
32,16,0,0.479958519039349,0,0,"South",0
21,18,0,0.281047374561147,0,0,"East",1
29,13,2,0.375745503023957,0,1,"East",0
5,8,1,0.495299660403876,1,0,"West",0
24,10,1,0.245908751857643,0,0,"West",0
18,5,1,0.176208371439865,1,0,"South",0
10,5,3,0.177143509068201,0,0,"West",0
19,18,1,0.0281925936377166,0,0,"North",0
28,2,2,0.240606709611744,0,0,"East",0
25,15,0,0.282968441493661,0,0,"West",0
32,10,1,0.630689017074647,0,0,"West",0
35,5,0,0.404859727413771,0,0,"West",0
34,11,1,0.493647923657126,0,0,"East",0
20,11,1,0.107907829750479,1,0,"West",1
8,18,1,0.399436169660895,1,0,"West",0
21,24,0,0.148468750250987,0,0,"West",0
38,21,1,0.344609810803935,0,0,"West",0
23,20,0,0.0896438611601585,0,0,"South",0
4,20,1,0.282233655371121,0,0,"West",0
30,17,0,0.270594007055655,0,0,"West",0
27,10,2,0.426878460987755,0,0,"East",1
19,13,2,0.0275626977145846,0,0,"East",0
26,4,0,0.163340694600736,0,1,"North",0
40,8,1,0.303489877999152,0,0,"South",0
40,8,2,0.0331241113648826,1,0,"North",0
19,7,0,0.186886274519679,0,0,"East",0
24,19,0,0.226302553878514,0,0,"South",0
7,15,3,0.415954345248022,0,0,"South",0
15,13,0,0.13419320002902,0,0,"North",0
48,12,0,0.202338769087416,0,0,"South",0
42,17,2,0.28021640890206,0,1,"East",0
21,16,0,0.0478158376314394,0,0,"South",0
16,7,0,0.369668494131511,0,0,"South",1
8,2,0,0.275278352399906,1,0,"North",0
50,6,0,0.118665862904114,0,0,"South",0
25,10,0,0.270305239560833,1,0,"North",0
17,12,0,0.565860433287124,0,0,"West",0
37,20,0,0.0467912996551736,0,0,"North",0
11,15,2,0.461940702782993,0,0,"North",0
33,15,0,0.269207241869648,0,1,"West",0
41,16,1,0.090253124807317,0,0,"West",0
21,11,0,0.159344804240706,0,0,"North",0
41,7,0,0.137490392947703,0,0,"West",0
32,8,0,0.333215184824547,0,0,"North",0
16,5,1,0.695203901488252,0,1,"West",0
31,6,1,0.336469204091766,0,0,"West",0
16,4,1,0.188960948925774,0,0,"West",0
18,16,0,0.226721965709165,0,0,"South",0
33,6,1,0.389588041614382,0,0,"West",0
18,15,1,0.302942559142834,1,0,"West",0
24,24,1,0.421346490881889,0,0,"North",0
36,11,0,0.312701212233962,0,0,"East",1
10,11,0,0.293713275301545,0,1,"East",0
43,16,1,0.106119803604147,0,0,"North",0
49,12,1,0.104972955029923,0,0,"East",0
31,8,1,0.126149161806404,1,1,"East",0
29,5,0,0.275787818136455,0,0,"North",0
18,12,1,0.268287606344004,0,0,"East",0
30,10,0,0.580839810313486,0,0,"East",0
18,14,0,0.448974766590562,1,1,"East",0
27,13,1,0.228077021092367,1,0,"East",0
16,18,0,0.373306924497256,0,0,"West",0
33,15,1,0.269329130299286,0,0,"East",0
32,18,0,0.134725491315875,0,0,"South",0
39,12,1,0.355386489882477,1,0,"East",0
48,16,0,0.146228401964529,0,0,"South",0
16,11,1,0.228842080414839,0,0,"North",0
36,11,2,0.280345364731217,1,0,"West",0
7,12,1,0.102115552636623,0,0,"West",0
19,6,1,0.0911556088905092,0,0,"North",0
35,6,0,0.439150946264733,0,0,"South",0
15,11,1,0.402565391240564,1,0,"West",0
28,5,0,0.145221718616025,0,1,"West",0
13,12,0,0.192135436978679,0,0,"North",0
20,16,0,0.481032944872333,0,0,"North",0
24,8,0,0.292277713016968,1,0,"North",0
17,12,1,0.204671302465928,0,0,"East",1
1,4,1,0.193969400606935,0,0,"West",1
27,17,0,0.15958940721758,1,0,"North",0
30,10,0,0.487236205694322,0,0,"West",0
26,20,1,0.249683914086042,0,0,"South",0
18,12,0,0.241687969674821,0,0,"East",0
35,21,1,0.110875377781171,0,0,"East",0
37,14,0,0.376291591998659,0,0,"South",0
1,11,1,0.165329594555558,0,0,"West",0
37,17,0,0.25645705156093,0,0,"West",0
3,15,2,0.147942128789251,0,0,"East",0
20,9,0,0.208381374999022,0,0,"West",0
11,16,0,0.147797363728122,0,0,"North",0
16,15,1,0.492514994891097,1,0,"South",0
40,14,1,0.237494498367743,0,0,"North",0
30,10,2,0.185545658794559,0,0,"South",0
30,12,0,0.443083521462434,0,0,"North",0
1,16,2,0.133395878609653,0,0,"East",0
26,18,2,0.240807171157417,0,0,"East",0
32,13,0,0.311108020639739,0,0,"North",0
34,8,1,0.516391611984144,1,0,"East",1
12,16,1,0.169706555135027,1,0,"South",0
35,13,2,0.383646939447848,0,0,"North",0
7,18,0,0.581308053017177,1,0,"East",0
45,4,0,0.33250281880728,0,0,"South",0
14,8,0,0.209659770390895,0,0,"West",0
33,15,0,0.48669814482893,0,0,"East",0
28,5,0,0.454453018914146,0,0,"North",0
11,26,2,0.333001651431412,0,1,"North",0
38,8,1,0.257941068517185,0,0,"North",0
24,14,0,0.253933425292485,0,0,"North",0
34,3,1,0.313121567075123,0,0,"East",0
27,23,0,0.443877830242259,1,0,"North",0
34,16,0,0.138666021400609,0,0,"South",0
24,9,0,0.0960666190524137,0,0,"South",0
37,13,2,0.124160735761394,0,0,"West",0
20,8,0,0.193681467195093,0,0,"West",0
30,3,0,0.492055667388221,0,0,"South",0
29,7,1,0.370503526960014,1,0,"East",0
34,7,0,0.300781932475262,0,0,"West",0
17,18,0,0.476658727737097,1,0,"North",0
26,14,0,0.551737550170836,1,0,"North",0
17,10,0,0.0664103730813724,0,1,"North",1
35,11,1,0.261809668149612,0,0,"North",0
16,17,0,0.245023563119605,0,0,"East",0
45,7,0,0.613991475295716,0,0,"West",0
33,15,1,0.212631804266246,1,0,"East",0
24,7,0,0.314993286893461,1,0,"South",0
38,16,1,0.568841642267394,0,1,"South",0
23,18,0,0.468658937214355,0,0,"North",0
31,10,0,0.275466093713995,1,0,"East",0
30,14,0,0.36109914106483,0,0,"North",0
29,1,2,0.032618310843479,0,0,"North",0
17,14,0,0.083074880079817,0,0,"West",0
9,14,0,0.0594910303851982,0,0,"South",0
4,14,0,0.54566365557736,0,0,"West",0
19,18,1,0.473113280315697,0,0,"North",1
32,7,0,0.559579192829498,0,0,"South",0
21,19,1,0.458629173763903,1,0,"East",0
10,7,0,0.248381281827919,0,0,"South",0
50,4,0,0.398422819999506,1,0,"North",0
32,23,1,0.434842251904566,0,1,"South",0
47,16,0,0.603960173789983,1,0,"East",0
39,16,1,0.154587175962206,0,0,"South",0
17,15,1,0.362098106011627,0,0,"South",0
19,11,0,0.0904383929608041,1,0,"North",0
7,17,0,0.0466418155201172,0,0,"North",0
33,19,1,0.0709432316887086,0,0,"West",0
43,4,0,0.0416297842688287,1,0,"North",0
13,6,0,0.140290867833023,0,0,"West",0
10,8,1,0.0943154068877054,1,1,"West",1
35,15,1,0.466725812230608,0,0,"North",1
6,0,1,0.238726610696836,0,0,"North",0
47,11,0,0.21189164367273,1,1,"North",0
31,5,0,0.340798459701319,0,0,"West",0
3,10,1,0.15410753419847,1,0,"South",0
28,4,1,0.260926034314926,1,0,"South",0
25,18,1,0.294387403142676,0,0,"West",0
1,11,0,0.264045176709389,1,0,"East",0
23,11,0,0.522398673089926,0,0,"West",0
17,19,1,0.41996648709704,0,0,"North",0
13,8,0,0.192559279718708,0,0,"West",0
27,4,3,0.480615072268819,0,0,"South",0
34,9,2,0.0586159774602028,0,0,"South",0
45,9,0,0.167329213637046,0,0,"South",0
1,14,1,0.705915479317752,0,0,"West",0
33,10,0,0.0450894319931726,0,0,"West",0
13,5,1,0.204835543455649,1,0,"East",0
38,11,2,0.313726724392444,0,0,"South",0
28,15,1,0.108752785674384,0,0,"West",0
41,5,1,0.603796255712347,0,0,"South",0
6,17,0,0.18809207446048,0,0,"North",0
30,16,2,0.211506498923827,0,0,"East",1
28,20,0,0.0639207867044995,0,1,"North",0
37,10,1,0.289685437694958,0,0,"South",0
21,14,0,0.181603169158372,0,0,"West",0
38,8,1,0.204475503175024,0,0,"West",0
19,11,1,0.243685716851527,0,0,"South",0
19,7,1,0.56565460281635,1,0,"East",0
24,17,0,0.169063235232401,0,0,"East",0
11,5,0,0.173662558671983,0,0,"North",0
19,15,0,0.302023293290004,1,0,"North",0
37,9,1,0.358336475554779,0,0,"North",0
44,7,0,0.0475876603720135,0,0,"East",0
37,19,1,0.0842790817769071,0,0,"West",0
19,13,1,0.294697133129973,0,0,"East",0
28,14,2,0.494673895262955,1,0,"East",0
25,13,0,0.329816287865085,0,0,"West",0
9,15,1,0.17750913087811,0,0,"South",0
27,19,0,0.245272769547251,0,0,"North",0
14,12,2,0.521127549686663,0,1,"East",0
11,18,0,0.464727191251314,0,0,"East",0
33,0,0,0.1065908816954,1,0,"North",0
16,15,0,0.525719036750293,1,0,"West",0
22,14,0,0.170014818690785,0,1,"West",0
12,13,0,0.416563790460091,0,0,"West",0
25,13,0,0.258683864673239,1,0,"East",0
30,10,1,0.252949695705244,0,1,"North",1
30,9,0,0.416431014805857,1,0,"West",1
11,17,3,0.279260524719187,0,0,"North",0
39,11,0,0.149143615182467,0,0,"West",0
42,18,1,0.540250743701665,0,0,"West",0
28,10,0,0.227487761477217,0,0,"East",0
26,7,0,0.276945252954698,0,0,"North",1
25,19,0,0.132519944775288,0,0,"North",0
27,12,3,0.381874518385818,0,0,"North",0
29,18,2,0.0781802273292817,1,0,"South",0
26,6,0,0.103123910466637,0,0,"West",0
32,14,0,0.389466376700339,0,1,"West",0
20,10,0,0.499436259055511,0,0,"East",0
38,22,1,0.0672912611800099,0,0,"South",0
24,19,1,0.386671469791515,0,0,"South",0
3,15,0,0.161407810415189,0,0,"West",0
23,9,1,0.298822734829851,0,0,"East",0
29,17,1,0.0688934309162406,1,0,"North",0
39,16,1,0.0479085114400547,0,0,"North",1
25,5,1,0.0832855837251454,0,1,"West",0
1,18,0,0.333108024303912,0,0,"North",1
24,16,0,0.709902342011682,1,0,"South",0
10,11,1,0.185442084714908,1,0,"West",1
12,24,0,0.136707806230028,0,0,"North",0
12,17,0,0.281622760811196,0,0,"South",0
14,9,0,0.267837489630705,1,0,"North",0
38,17,1,0.530733254914813,0,0,"West",0
14,14,0,0.323806442730878,0,0,"North",0
19,11,0,0.270440867314789,1,0,"East",0
26,0,0,0.294546488612838,0,0,"South",0
35,10,1,0.569168959565677,0,0,"North",0
16,12,0,0.15071990950405,1,0,"East",0
14,16,0,0.122112210079055,0,0,"East",0
18,14,0,0.227111177462466,0,0,"South",0
10,13,0,0.264015617182346,0,0,"East",0
35,20,0,0.41581626121076,0,0,"North",0
1,12,0,0.37287492925396,0,0,"North",0
18,7,0,0.231120295377155,1,0,"East",0
7,9,0,0.352270700814756,0,0,"West",0
1,11,0,0.329521448541976,1,0,"North",0
24,9,0,0.0459615245404929,0,0,"South",0
42,3,0,0.0712623589656226,0,0,"East",0
44,15,0,0.151746195915378,0,0,"East",0
17,16,2,0.302934218995731,0,0,"South",0
16,8,0,0.603388575177476,0,1,"North",1
18,14,0,0.129844294567486,0,0,"North",0
33,10,0,0.351816183235849,0,0,"North",0
1,11,0,0.0290942742609586,0,0,"North",1
27,15,2,0.248029021460035,0,0,"South",0
19,14,0,0.0435569577474184,0,0,"South",0
15,9,0,0.595474251194124,0,0,"North",0
1,8,1,0.467445491712129,0,1,"East",0
22,15,0,0.511724466809438,0,0,"West",0
4,7,1,0.244263594368813,0,0,"North",0
24,8,0,0.240776524928151,0,0,"North",0
13,19,0,0.0432128909707083,0,0,"South",0
25,13,0,0.45718358730733,0,0,"North",0
30,10,0,0.0939485864065628,0,0,"South",0
18,6,0,0.508577179661315,0,0,"West",0
12,16,0,0.259072190838895,0,0,"South",0
17,9,0,0.577635726274574,0,0,"West",0
16,12,2,0.194434894080902,0,1,"South",0
6,18,0,0.404771782803937,0,1,"East",0
15,11,1,0.63410056525557,0,0,"North",0
22,17,0,0.558990336097592,0,0,"North",0
21,6,1,0.29607790042775,0,0,"North",0
28,3,1,0.184257017530604,0,1,"East",0
40,14,0,0.429888341599451,0,0,"East",0
28,18,0,0.443474167986403,0,1,"North",1
42,9,0,0.146584922315768,0,0,"North",0
16,11,0,0.0664370405496213,0,0,"North",1
40,17,0,0.412134606448987,0,0,"West",0
31,10,0,0.281425107824566,0,0,"West",0
10,6,1,0.157258142029471,0,0,"North",0
29,8,1,0.286428514639108,0,0,"West",0
9,11,1,0.531434193102585,0,1,"East",1
35,4,0,0.346934355090125,0,0,"North",1
18,16,0,0.247091576079269,0,0,"West",0
21,15,0,0.1634083541161,0,0,"North",0
16,16,0,0.296483857723136,0,0,"West",0
14,20,1,0.238672070796508,0,1,"South",0
44,17,1,0.292796415663793,0,0,"North",0
36,19,0,0.479664410438288,0,0,"North",0
32,10,0,0.53932132224813,0,0,"North",0
25,18,2,0.0805629381102893,0,0,"North",1
33,5,0,0.408819103857048,0,0,"South",0
32,15,0,0.215232813134403,0,0,"North",0
43,20,1,0.425455437343982,0,0,"West",0
34,22,0,0.0297385969220619,0,1,"East",0
22,13,0,0.277390720635474,0,1,"West",1
21,16,0,0.245431369195076,1,0,"North",0
18,7,0,0.343768339372076,0,0,"North",0
20,4,1,0.138008475206829,1,0,"South",0
21,12,2,0.291322885342622,1,0,"South",0
39,13,0,0.381418476034512,0,0,"South",0
1,11,0,0.222873095588497,0,0,"East",1
16,8,0,0.507213106533576,0,1,"East",0
22,6,2,0.200426479637448,0,1,"West",0
9,17,1,0.417673172655863,0,0,"East",0
43,17,0,0.234776675994202,0,0,"North",0
21,11,0,0.0504595752774621,0,0,"South",0
11,20,1,0.353013789719051,0,1,"South",0
13,12,0,0.309910943191792,0,0,"North",1
34,17,1,0.460953604311565,0,0,"West",0
46,9,2,0.293045506918727,0,0,"West",0
23,15,0,0.595165757568328,0,0,"West",0
25,15,2,0.29354549382348,0,0,"West",0
13,13,0,0.19323338912465,0,0,"East",1
40,17,0,0.19886954643305,0,0,"West",0
33,11,2,0.521547397095762,0,1,"West",0
1,2,2,0.29351563375958,0,0,"North",0
16,10,0,0.46578885062383,0,0,"East",0
21,16,0,0.308865995213426,1,0,"South",0
11,3,1,0.131637589555001,0,0,"East",0
21,3,2,0.310748960825244,0,0,"East",0
10,12,0,0.135442660271792,0,0,"North",0
28,13,0,0.0363110868707877,0,1,"West",0
28,18,1,0.137814066157347,0,0,"West",0
34,12,0,0.0745597682943447,1,0,"West",1
29,15,0,0.101272240185732,0,0,"West",0
43,13,3,0.160809371169462,1,0,"North",1
19,16,0,0.208917500136914,0,0,"South",0
1,17,0,0.200442120228402,0,0,"East",0
24,5,0,0.110443230144703,0,0,"North",0
32,9,1,0.256538464297491,1,0,"West",0
19,17,0,0.517384860915231,0,0,"East",0
41,1,1,0.468912854171408,1,0,"East",0
37,0,1,0.462634332028404,0,0,"East",0
30,13,1,0.102446712770658,0,0,"South",0
25,12,0,0.342110891026679,0,1,"West",0
17,10,0,0.178174725239021,0,0,"North",0
22,16,0,0.249741066110604,1,0,"North",0
30,18,0,0.577520867913245,0,0,"West",0
36,17,1,0.302156925785579,0,0,"North",0
20,11,0,0.371553643629012,1,0,"West",0
15,12,0,0.38705037965808,0,0,"East",0
54,14,1,0.405547141085123,0,0,"West",0
30,1,0,0.11564445401026,0,0,"East",0
13,7,0,0.369697987938433,0,0,"East",1
35,16,0,0.485005883087345,1,0,"North",0
25,13,0,0.128109646243668,0,0,"West",0
34,5,2,0.192230727483092,0,1,"West",0
25,18,0,0.344596472399458,1,0,"North",0
23,14,0,0.260428370229538,0,0,"East",0
25,9,1,0.109231139860337,0,0,"North",0
29,12,0,0.201331816084945,0,0,"West",0
17,12,1,0.0785234739300486,1,0,"North",0
16,11,1,0.498591901558676,0,0,"South",0
22,11,0,0.155134538472029,0,0,"North",0
26,11,3,0.404977853144195,0,0,"East",0
20,15,0,0.235194476666471,0,1,"East",0
28,17,1,0.382319546154644,1,0,"South",0
11,15,0,0.173018151695987,0,1,"South",0
7,21,1,0.499571404690727,0,0,"North",0
47,15,0,0.268075182289924,0,0,"South",0
29,14,0,0.388185392877951,1,1,"North",0
19,16,1,0.390618912575861,0,0,"West",0
21,11,0,0.460415165414425,0,0,"North",0
33,16,1,0.300116503786121,0,0,"West",0
21,22,0,0.380116929578519,0,0,"North",0
26,11,0,0.186112007613229,0,0,"North",0
21,17,1,0.511768362993216,0,0,"South",0
18,12,2,0.300151941875013,0,0,"East",0
31,8,1,0.149203166483519,0,0,"East",0
26,18,1,0.13499994177792,0,0,"North",1
40,14,1,0.273517680345033,0,0,"North",0
10,10,0,0.0442040451026034,0,0,"West",0
22,21,3,0.606164137040332,0,0,"South",0
21,3,0,0.241329581251867,0,0,"East",0
11,12,0,0.303185529863375,0,0,"West",0
36,11,0,0.380465897025283,0,0,"East",0
23,11,1,0.0595380366391987,0,0,"East",0
7,13,0,0.709449497118916,0,0,"North",0
17,21,0,0.734484651964066,0,0,"South",0
11,2,0,0.0943954456936321,1,0,"West",0
36,17,0,0.352313539824525,1,0,"East",0
55,8,1,0.456981472301488,0,1,"South",0
16,17,1,0.0132232751103465,0,1,"South",1
23,10,0,0.130515177048739,0,0,"East",0
27,16,0,0.238142424923177,0,0,"South",0
57,11,0,0.277567283850832,0,0,"West",0
1,9,1,0.174835126614417,1,1,"East",0
18,6,0,0.297205082633872,1,0,"South",0
10,7,0,0.625754090425294,1,0,"North",0
21,10,0,0.0853815066150952,0,0,"North",0
21,12,0,0.196898983074681,0,0,"West",0
15,15,0,0.739837017887209,0,1,"West",0
46,12,0,0.687005190126684,0,0,"South",1
27,18,0,0.121972601441021,0,0,"North",0
53,6,1,0.771079593933884,1,0,"South",1
34,15,0,0.126589799431713,0,0,"West",0
9,17,0,0.175213468471357,0,1,"South",0
15,15,1,0.328103819442435,1,0,"North",0
27,11,0,0.248629399648155,0,0,"North",0
17,9,2,0.044640873122818,1,0,"West",0
28,5,0,0.098357215612852,0,0,"West",0
33,4,1,0.479846651354735,0,0,"South",0
29,15,1,0.0158350460611475,1,0,"West",1
22,10,0,0.384583430247542,0,0,"South",0
16,4,0,0.0793214134372967,1,0,"West",0
9,15,0,0.254917204891962,0,0,"North",0
28,16,0,0.278128399723334,0,0,"West",1
35,1,0,0.601999931544546,1,0,"East",0
23,21,1,0.199705205188974,0,0,"North",0
33,18,2,0.188207397527059,0,0,"West",0
51,6,1,0.485977690975616,1,0,"South",0
47,8,0,0.212065344142211,1,0,"South",1
18,13,2,0.395280936420516,0,0,"South",0
31,14,2,0.537933174963783,1,0,"North",0
16,6,0,0.158508857382486,0,0,"East",0
32,9,1,0.460921693871999,0,0,"East",0
23,27,2,0.216876567689075,0,0,"North",0
27,17,2,0.391472894357072,0,0,"North",0
14,19,0,0.207472481067383,0,0,"North",0
38,8,0,0.711612953150353,1,0,"East",0
23,10,0,0.531161591799791,0,0,"West",0
19,5,0,0.248075644117305,0,0,"West",0
23,14,0,0.013325133688073,0,1,"East",1
25,12,0,0.250410539737083,0,0,"South",0
44,24,2,0.0875506466939544,0,0,"East",0
11,10,0,0.310238892769809,0,0,"East",0
54,12,1,0.290063561959157,0,1,"West",1
15,7,1,0.201749858565636,0,0,"South",0
26,13,0,0.537735577261298,1,0,"North",0
1,8,1,0.144998862450615,0,0,"West",0
16,7,1,0.32400063861046,0,0,"West",0
33,11,0,0.0955972631143866,0,0,"South",0
30,7,4,0.367735217996242,0,0,"East",0
29,8,0,0.354161208618851,1,0,"East",1
18,15,0,0.0739636840424011,0,0,"North",0
2,17,1,0.217023588119005,0,0,"East",0
11,16,1,0.586422098304589,0,0,"West",0
21,12,1,0.40918013842359,0,0,"North",0
31,12,0,0.220149855285045,1,0,"South",0
34,8,1,0.849032788570273,0,1,"East",0
20,13,1,0.200336718628316,1,0,"North",0
22,17,0,0.106119114649247,0,0,"West",0
22,7,1,0.169197079392853,0,0,"South",0
25,17,0,0.628464574302783,0,0,"North",0
42,9,1,0.211325625699235,0,0,"West",0
15,14,0,0.403808576080491,0,0,"South",0
22,5,0,0.221972953527868,0,0,"South",0
25,13,1,0.171462784425275,0,0,"North",0
8,19,1,0.196797595546364,0,0,"North",0
13,12,0,0.942051652087373,0,0,"South",0
26,4,0,0.153736742094228,0,0,"North",0
29,20,0,0.354689901171055,0,0,"West",0
38,8,2,0.108755344708437,0,0,"West",0
18,7,0,0.379154861622371,1,0,"West",0
41,9,2,0.516807441402766,0,0,"North",0
14,7,0,0.28192546467991,0,0,"East",0
5,13,0,0.150821073257505,0,1,"North",1
1,14,0,0.248129233690551,0,0,"North",0
37,10,0,0.366035129469065,0,0,"North",0
28,16,0,0.194417297405436,0,0,"East",0
22,14,2,0.446410697603079,1,0,"South",0
20,6,1,0.237874066803636,0,0,"West",0
43,15,1,0.171019098456118,0,1,"East",0
38,6,1,0.672605651598816,0,0,"East",0
12,12,0,0.0767698167035326,0,0,"East",0
7,11,1,0.355145814156848,0,1,"South",0
37,8,0,0.235452053757033,0,0,"North",0
31,18,0,0.264556701659086,0,0,"East",0
18,12,0,0.265610781770753,0,0,"West",0
29,15,0,0.148163604288911,0,0,"West",0
1,12,1,0.174138392802196,0,0,"West",0
16,8,0,0.193365118680011,0,0,"West",0
29,15,0,0.513917255848221,0,0,"South",0
23,8,0,0.521141387434898,1,0,"South",0
9,16,2,0.466974451506957,0,0,"East",0
36,24,0,0.507783007358631,0,1,"North",0
38,14,2,0.203756448743096,0,0,"East",0
13,15,2,0.0543678994945319,0,0,"South",0
22,14,1,0.408677796527211,0,0,"South",0
33,18,0,0.160090764776052,0,0,"East",0
34,6,0,0.366473451081599,0,0,"South",0
18,7,0,0.107753443164956,0,0,"West",1
13,12,1,0.398049167570328,0,0,"North",0
28,12,0,0.0994919142607256,0,0,"North",0
1,6,0,0.134639344512042,1,0,"North",1
13,3,1,0.564695449929298,1,0,"West",0
33,10,0,0.133032926602436,0,0,"North",0
4,20,0,0.37302008971612,0,0,"South",0
10,23,0,0.203062125919448,0,0,"North",0
21,16,2,0.442792578618317,0,0,"West",0
20,4,0,0.626719193309747,0,0,"South",0
3,16,0,0.335018319924077,1,0,"North",1
30,9,0,0.112021326026756,0,1,"West",0
12,13,1,0.158226089942992,1,0,"North",0
22,15,1,0.31241559002763,1,0,"West",0
22,20,0,0.206145978029214,0,1,"South",0
32,13,0,0.400727247716038,1,1,"North",0
23,8,0,0.0796138583524202,0,0,"South",0
22,16,1,0.208388725423644,0,0,"North",0
44,16,0,0.147101457538948,0,0,"South",0
28,17,0,0.0160527430569036,0,1,"East",0
31,18,0,0.391270503753177,1,0,"North",0
30,13,0,0.189190396508317,0,0,"West",0
31,7,0,0.33337137500953,0,0,"North",0
40,13,0,0.490525944675734,0,0,"South",0
23,3,1,0.276943153963446,0,0,"North",0
27,18,2,0.134272260059829,0,0,"South",0
48,15,0,0.29103585975565,0,0,"North",0
18,16,1,0.123616346228107,0,0,"East",0
39,13,0,0.472461553121499,1,0,"East",0
17,0,1,0.098923288386653,0,0,"North",0
45,9,0,0.434076087095554,0,0,"South",0
16,17,1,0.378463245853311,0,1,"East",0
14,11,0,0.150033151006641,0,0,"North",0
36,16,0,0.343855971978773,0,0,"North",1
36,7,0,0.478031601238455,0,0,"West",0
31,13,1,0.256233079436638,0,1,"South",0
27,9,2,0.214246059869117,0,0,"East",0
27,9,0,0.361493926358637,0,0,"East",0
49,11,3,0.481048270007389,0,0,"East",0
7,21,0,0.102987240137125,0,0,"West",0
12,13,0,0.253027530960756,0,0,"South",0
9,13,0,0.235347641361354,0,0,"West",1
36,20,1,0.29612263293384,0,0,"North",0
21,11,0,0.14570002788424,1,0,"North",1
22,15,0,0.259516839810984,0,0,"West",0
45,8,2,0.0689703189622609,0,0,"South",1
17,16,0,0.174218178345096,0,0,"East",0
48,5,0,0.255116823612203,0,1,"North",0
7,12,0,0.209411608443865,0,0,"North",1
40,18,0,0.1802283694086,0,0,"North",0
28,19,1,0.362515129401411,1,0,"East",0
19,12,0,0.273248675992242,0,0,"West",0
22,0,0,0.164757237475292,0,0,"South",0
40,20,1,0.108418212790598,0,0,"West",0
44,9,2,0.447387227942479,0,0,"West",0
4,16,0,0.110618240357,0,0,"West",0
65,4,1,0.266519026263289,0,0,"West",0
55,10,1,0.375214386465251,0,0,"West",0
18,20,0,0.0661463410625278,0,0,"South",0
23,14,1,0.279442330863134,0,0,"West",0
16,14,1,0.326667702840029,1,0,"South",0
23,16,1,0.209607525496402,0,0,"North",0
33,5,1,0.0895592337564333,0,0,"East",0
25,12,2,0.37327920658013,0,0,"North",0
26,14,0,0.358070989423432,0,0,"North",0
42,18,0,0.545532705485998,0,1,"North",1
1,8,1,0.402092701606442,0,0,"North",0
18,13,0,0.272580740593393,0,0,"East",0
26,15,0,0.204799551472433,0,1,"North",0
15,31,1,0.0882477382812096,1,0,"East",0
37,20,0,0.281397598662919,0,0,"North",0
19,0,0,0.178160318271108,1,1,"South",0
19,12,0,0.508447200723665,0,0,"North",0
38,13,0,0.475809687309912,0,0,"South",0
34,16,0,0.345500267184928,0,0,"North",0
